,NoDur,Durbl,Manuf,Enrgy,HiTec,Telcm,Shops,Hlth,Utils,Other
1973-08-01,0.0,0.0,0.0,0.0,3.7470027081099033e-16,1.8812223713886454e-16,0.0,1.0,0.0,8.468945193530558e-17
1973-09-01,1.7944233873178834e-16,0.0,2.987498155121003e-17,2.1616674862340297e-16,0.0,5.128995763688128e-17,5.195142417729615e-17,1.0,6.01450755936899e-17,2.7399494465303e-17
1973-10-01,1.4139595585282483e-16,4.4501869457444665e-17,0.0,3.0983505470770887e-17,2.636779683484747e-16,0.0,3.7918045317616123e-16,0.9999999999999991,1.9319568979350363e-16,2.567501468697769e-17
1973-11-01,5.380404142269802e-17,0.0,7.202245233629354e-17,1.7813441693936838e-16,0.0,0.0,0.0,1.0,1.2355513319412757e-17,1.888724334188084e-18
1973-12-01,2.775335607947874e-16,0.0,1.2280288514218219e-16,0.0,0.0,0.0,6.629079794244783e-17,1.0,0.0,4.040409974833925e-16
1974-01-01,6.837191538344369e-17,3.78166722102477e-17,0.0,1.3183898417423734e-16,1.487831260560307e-16,0.0,0.0,0.9999999999999999,0.0,0.0
1974-02-01,4.3317174240799295e-17,1.1926729006349269e-16,0.0,0.0,0.0,1.116292147473541e-16,4.931597571136007e-17,1.0,1.956752069572683e-17,0.0
1974-03-01,1.2626291468154346e-16,9.285011429466566e-17,1.796727797794904e-17,6.522560269672795e-16,1.1895111962843393e-16,0.0,0.0,0.9999999999999998,0.0,0.0
1974-04-01,0.0,0.0,0.0,2.914335439641036e-16,8.990577474713038e-17,4.7906898604214464e-17,7.602547475223145e-17,1.0,4.876921692216261e-17,0.0
1974-05-01,8.255591362360968e-18,0.0,0.0,1.7662937210221273e-16,3.400058012914542e-16,0.0,6.687214149321373e-17,0.9999999999999997,0.0,4.443555841806429e-17
1974-06-01,7.235314095005282e-17,0.0,0.0,0.0,0.0,0.0,9.818534874028728e-16,0.9999999999999999,2.016216587652158e-17,0.0
1974-07-01,0.0,0.0,0.0,4.697871712769657e-17,0.0,0.0,0.0,1.0,0.0,0.0
1974-08-01,1.1542873808115852e-17,7.767508513137946e-17,0.0,0.0,0.0,3.26332382750128e-16,9.33741742443814e-17,0.9999999999999996,8.438440042701341e-17,1.7720061326776584e-16
1974-09-01,0.0,8.146217515116813e-17,2.9090321904733377e-16,1.5366066996029163e-15,3.7470027081099033e-16,8.589821536639924e-17,5.002204203218268e-17,0.999999999999998,8.318195950922976e-17,0.0
1974-10-01,0.0,1.0310914945861322e-17,0.0,6.023827270329463e-16,0.0,0.0,0.0,1.0,5.955391685704847e-17,5.401239440439493e-17
1974-11-01,0.0,0.0,1.1468100266515818e-16,5.689893001203927e-16,0.0,0.0,0.0,1.0,0.0,3.877105268286039e-18
1974-12-01,0.0,7.528771004576805e-17,0.0,0.0,0.0,6.963850868023371e-18,0.0,1.0,0.0,0.0
1975-01-01,1.828457482348976e-16,4.94901822510547e-17,1.5520301737148717e-16,0.0,2.1550665823451508e-16,3.1798748790261504e-17,1.4017078047008843e-16,0.9999999999999992,7.971005304396703e-17,5.891121662676939e-17
1975-02-01,4.984088657608958e-17,7.588153082231633e-19,5.171084491216818e-17,0.0,1.7854145264994806e-18,5.82536667383647e-17,0.0,1.0,3.182739055654754e-17,0.0
1975-03-01,0.0,7.124707517082059e-17,1.0092648655670079e-16,0.0,0.0,8.477319629581266e-17,1.4129159146336492e-16,1.0,9.971299819452966e-17,6.538985768184819e-17
1975-04-01,0.0,1.0033043546733118e-16,0.0,3.469446951953614e-16,1.662498882278227e-16,7.683820205645885e-18,0.0,0.9999999999999999,2.0071568972027928e-17,0.0
1975-05-01,0.0,0.0,0.0,0.0,2.6264695567980926e-16,0.0,1.118867603641858e-17,0.9999999999999999,0.0,0.0
1975-06-01,0.0,0.0,0.0,7.494005416219807e-16,1.110032429618153e-16,0.0,0.0,0.9999999999999997,0.0,0.0
1975-07-01,5.239721503082035e-17,3.305936917550866e-16,1.5873510601734982e-16,0.0,0.0,6.599936465571944e-17,2.621947685595505e-16,0.9999999999999998,8.14843528185939e-17,1.5364297777510538e-17
1975-08-01,1.680503484743323e-16,0.0,5.014304948070522e-17,0.09132607269500177,0.0,0.0,7.768585297215284e-17,0.9086739273049982,0.0,0.0
1975-09-01,1.1964246950175302e-16,2.6989937766260013e-16,2.6429423166380924e-16,0.3308310910294153,3.6800311943989116e-17,9.923974872986794e-17,6.562202037872928e-18,0.6691689089705839,6.003525260807628e-17,0.0
1975-10-01,4.950677754380378e-17,1.3192103899961967e-16,0.0,0.45080951665088886,0.0,4.235872536622609e-17,1.7752869893609587e-16,0.5491904833491106,2.700569375789895e-17,1.6747616896035626e-16
1975-11-01,0.0,1.3180656647672e-16,1.5762259854160239e-16,0.12667166894893112,1.247314704653766e-16,0.0,0.0,0.8733283310510689,2.4616192906614303e-17,0.0
1975-12-01,0.0,0.0,0.0,0.01483769392256079,3.1551209985788956e-16,0.0,0.0,0.9851623060774399,0.0,3.940512249760995e-17
1976-01-01,0.0,0.0,4.418346645341434e-17,0.3428516336564836,1.8212874066320433e-16,1.8726535192338077e-16,6.061698941687573e-16,0.6571483663435163,0.0,0.0
1976-02-01,5.791580941049154e-17,2.5656089092727987e-17,2.8370391646738033e-16,0.3621538453122467,1.0769538344801188e-16,1.4732747494214265e-16,0.15433233258338033,0.4835138221043725,8.778785298959338e-17,0.0
1976-03-01,0.0,2.779629230270874e-16,0.0,0.363578623105214,0.0,0.0,0.5620706840203279,0.07435069287445806,2.4037435816599955e-17,3.1070049022176735e-16
1976-04-01,0.0,0.0,0.0,0.4668124736407727,0.0,0.0,0.43349053662254144,0.09969698973668653,0.0,0.0
1976-05-01,1.8785975795302857e-17,0.0,9.567351609788675e-17,0.6443855197539892,8.278129648679911e-17,5.822790222030468e-17,0.24679441533539215,0.10882006491061877,0.0,0.0
1976-06-01,2.8622260914978505e-17,2.5472152490022988e-17,0.0,0.9398803870687277,0.0,0.0,3.263643989660467e-17,0.06011961293127273,3.998799116181626e-17,1.2621934864867158e-17
1976-07-01,0.0,0.0,0.0,1.0,4.4647683242844005e-17,0.0,1.2706449179908998e-16,0.0,3.466050991186772e-17,3.6049862086020855e-17
1976-08-01,0.0,9.272469578105458e-17,0.0,0.9999999999999999,0.0,0.0,0.0,0.0,1.10233683930691e-16,1.2335772316160523e-16
1976-09-01,0.0,0.0,1.1089041747432888e-16,0.8620649751221992,2.955133628926688e-17,1.1858224114089683e-16,8.402420359029506e-17,0.13793502487780082,6.938569297379008e-17,0.0
1976-10-01,0.0,1.0431879394607908e-16,0.0,0.7777100799822178,0.0,0.0,7.181048869074134e-17,0.22228992001778225,1.4956171960627e-16,8.42361553988218e-17
1976-11-01,9.022987908117262e-17,0.0,1.1918821170246125e-16,0.6225579245821116,1.412226816280324e-16,3.198052846968674e-17,0.2511865534933719,0.12625552192451692,0.0,0.0
1976-12-01,0.0,3.999048428919227e-17,2.0100437146687903e-16,0.6250871946014502,0.0,0.0,0.3749128053985501,0.0,0.0,0.0
1977-01-01,2.350356466641765e-16,9.360467997469211e-17,1.0872616170581632e-16,0.6314403243541663,1.6502362473007966e-16,4.822004843218545e-18,0.36855967564583286,2.079308024685032e-16,2.822373186553241e-16,0.0
1977-02-01,1.1973825587947678e-16,3.6908694492332656e-17,2.0384510578209276e-17,1.0,0.0,0.0,0.0,5.0544842367897465e-17,3.0497633008600107e-18,0.0
1977-03-01,0.0,6.016575905162421e-17,1.5187619919875817e-17,1.0,8.695615453364101e-17,1.1162827830529765e-16,0.0,5.62457643767539e-17,1.0058313922408354e-17,3.922071232763655e-17
1977-04-01,1.3324384647816268e-16,0.0,1.0170041964580529e-17,1.0,1.1733713287755657e-16,0.0,0.0,1.1523107815624482e-18,0.0,1.9637624998922343e-16
1977-05-01,5.4926578669658855e-17,4.686341811902885e-17,4.731999555348134e-17,0.9999999999999999,0.0,0.0,0.0,3.6178848148462475e-17,2.1619441257543824e-17,1.8201118003736943e-17
1977-06-01,8.221421122350477e-17,0.0,0.0,1.0,0.0,0.0,6.828797923971465e-17,1.1570665301780206e-17,1.8775813190005903e-17,4.8798123084273415e-17
1977-07-01,4.6009978862766e-17,0.0,0.0,1.0,0.0,0.0,2.944114630478775e-17,3.123342737143277e-17,1.0247379873213204e-16,0.0
1977-08-01,0.0,0.0,0.0,0.8762417227639987,7.534672008367207e-17,0.12375827723600254,0.0,0.0,0.0,9.519077942867552e-19
1977-09-01,0.0,5.1707847040273015e-17,0.0,0.7214767026305644,1.6423662341051267e-16,0.27852329736943554,0.0,1.55745691032008e-16,4.3715461377281316e-17,3.1909178535211033e-19
1977-10-01,0.0,0.0,0.0,0.47404288584176363,0.0,0.5259571141582369,0.0,2.4081022699626638e-17,0.0,0.0
1977-11-01,7.218397483192186e-17,0.0,0.0,0.42887920004347324,0.0,0.5711207999565271,7.976972354392657e-17,9.599725498577063e-17,4.835060977144627e-17,0.0
1977-12-01,0.0,3.5100341211849133e-17,0.0,0.4543626917417343,7.189659462866199e-18,0.5456373082582658,6.71376675341999e-17,0.0,0.0,0.0
1978-01-01,5.208490513415866e-17,0.0,0.0,0.3144348875234883,0.0,0.6855651124765123,0.0,2.218286923738668e-17,0.0,3.049410224668969e-18
1978-02-01,0.0,3.2415957790245808e-18,8.82344175463586e-18,0.3412013262492327,1.3952479841824669e-16,0.6587986737507671,6.168852982928976e-17,8.192509467902808e-17,0.0,3.6041767059976935e-17
1978-03-01,4.161675728842488e-17,0.0,0.0,0.12834210121157666,0.0,0.8716578987884235,0.0,1.6581755506562874e-17,0.0,0.0
1978-04-01,0.0,2.812952797905967e-17,2.8495312933890064e-17,0.02156804850589842,6.216848058977436e-17,0.9784319514941024,0.0,0.0,1.1345443692919215e-16,2.5834153346306758e-17
1978-05-01,1.6622047673530418e-16,2.946508164201562e-17,0.0,0.034493932824796486,6.815698566789862e-17,0.9655060671752028,0.0,3.1018274624046005e-16,4.2729931134651796e-16,8.613290549574827e-17
1978-06-01,0.0,1.0296940126599453e-16,5.353961951870568e-17,0.002497824657500855,3.851078495357715e-18,0.9975021753424992,1.1891675019153704e-16,0.0,1.0168496181899806e-17,0.0
1978-07-01,1.923573138119164e-16,3.945840675680226e-18,2.475151568703205e-16,0.002950917587693294,0.0,0.9970490824123065,1.0705341134385567e-16,3.64134346347486e-16,0.0,0.0
1978-08-01,0.0,4.2371001690278275e-17,0.0,0.0,2.013817441208317e-16,0.9855329219052584,1.8556483622889743e-17,0.014467078094741265,2.0001570288174848e-17,2.2368542792182584e-16
1978-09-01,1.6441524545631766e-16,3.8940132115664895e-17,0.0,0.0,0.0,1.0,0.0,0.0,0.0,1.70215172811912e-17
1978-10-01,0.0,1.462989378966807e-16,1.1013002221874084e-16,0.04255547262705034,0.0,0.9574445273729496,1.2145557650774976e-16,2.8218552912949334e-16,0.0,3.133968105410407e-17
1978-11-01,0.0,0.0,0.0,0.0,2.340435056841883e-17,0.9999999999999998,1.0599361004618066e-16,1.1572678583838385e-15,0.0,0.0
1978-12-01,4.650545805087749e-17,0.0,0.0,7.494005416219807e-16,0.0,1.0,4.382011783395578e-18,0.0,0.0,0.0
1979-01-01,0.0,4.486180848273069e-17,0.0,2.498001805406602e-16,0.0,0.9999999999999998,3.677367511995205e-17,0.0,1.4836245563044783e-16,1.279482765487051e-16
1979-02-01,0.0,1.934770081649346e-16,0.0,0.0,0.0,1.0,1.6124393816486944e-16,1.082757452863451e-16,2.455305911659823e-17,0.0
1979-03-01,0.0,2.010835983039978e-17,1.0197302481207979e-16,0.03903454848873393,2.6340072978607306e-17,0.9609654515112662,0.0,0.0,2.0887358822119996e-16,0.0
1979-04-01,7.105587939186006e-17,0.0,0.0,0.09436884341707578,0.0,0.9056311565829239,9.149406355813361e-17,7.783603916013211e-17,1.317398912315393e-16,0.0
1979-05-01,3.113215856807679e-16,1.2917003835845397e-16,2.1950478268912378e-16,0.7065096820375393,1.4058512536566316e-16,0.29349031796246017,0.0,0.0,0.0,4.5349394847751445e-17
1979-06-01,0.0,1.9648449558887906e-17,0.0,0.4696833015785987,1.5845654489482854e-17,0.5303166984214017,6.478346884985742e-17,4.2208387356267503e-17,0.0,0.0
1979-07-01,0.0,6.218197757751434e-17,4.155598247535563e-17,1.0,1.2880010598528825e-17,0.0,5.1508791763120036e-17,0.0,1.6557708392222392e-16,1.4245231994386903e-16
1979-08-01,0.0,0.0,0.0,1.0,0.0,6.661338147750939e-16,0.0,0.0,1.1419693301828765e-16,0.0
1979-09-01,0.0,0.0,5.844297406711546e-18,1.0,0.0,0.0,5.4580286949438525e-17,0.0,1.2156585582309709e-17,0.0
1979-10-01,6.999361324580092e-17,1.638266832700257e-17,0.0,1.0,1.2443677016588739e-16,0.0,6.268363015739878e-17,0.0,6.769158941987643e-17,0.0
1979-11-01,0.0,0.0,0.0,1.0,0.0,1.3877787807814457e-16,0.0,0.0,0.0,0.0
1979-12-01,0.0,0.0,0.0,1.0,0.0,2.463307335887066e-16,0.0,0.0,0.0,0.0
1980-01-01,2.4064102076926964e-17,6.716717295569859e-17,8.107613403979124e-18,0.9999999999999997,4.945200199771578e-17,0.0,1.6675678466937663e-17,5.80415749684306e-17,4.566646416242485e-17,4.14136883679169e-17
1980-02-01,1.9060232343386314e-16,0.0,3.16583687032844e-17,0.9999999999999994,5.199743258295969e-17,2.3245294578089215e-16,9.99397859929153e-17,5.788178966288558e-17,2.4896848892767894e-18,0.0
1980-03-01,1.1947138216483038e-16,4.6053270883653415e-17,5.270135366726536e-17,0.9999999999999992,1.0082258329587931e-16,9.71445146547012e-17,1.1489021760009253e-16,7.500738006884247e-17,6.058064583722206e-17,4.3922358619677616e-17
1980-04-01,4.525720757626486e-17,0.0,0.0,0.9999999999999997,0.0,4.0939474033052647e-16,0.0,0.0,0.0,0.0
1980-05-01,0.0,0.0,0.0,1.0,0.0,2.654126918244515e-16,0.0,5.311687190467488e-17,0.0,0.0
1980-06-01,0.0,0.0,0.0,1.0,8.277792294531509e-17,0.0,0.0,0.0,0.0,3.9780259657821326e-17
1980-07-01,0.0,0.0,0.0,1.0,1.8830628366857222e-16,0.0,0.0,0.0,0.0,0.0
1980-08-01,0.0,0.0,0.0,1.0,0.0,0.0,0.0,0.0,0.0,3.063480328988897e-16
1980-09-01,8.182952861147828e-18,9.838001020881362e-17,2.8979453418836e-17,0.9999999999999998,0.0,2.0816681711721685e-17,8.686732047520831e-17,3.854785638728871e-17,4.2554954219092055e-17,0.0
1980-10-01,2.9203637752260736e-17,0.0,0.0,0.9999999999999999,1.37738613781771e-16,0.0,1.2416483896456107e-16,2.4763397544879117e-16,1.0643955354408597e-16,0.0
1980-11-01,0.0,1.1174617225602183e-17,0.0,1.0,3.0664278154651434e-17,0.0,0.0,6.298276290037675e-18,1.133781845631019e-17,0.0
1980-12-01,0.0,0.0,0.0,1.0,3.3736674307600385e-17,0.0,2.3978854755230842e-17,0.0,0.0,0.0
1981-01-01,0.0,0.0,0.0,0.9999999999999999,9.660633854190688e-18,0.0,6.1911869022370736e-18,8.328327809828308e-17,0.0,2.6020852139652106e-16
1981-02-01,1.1960980487936292e-16,1.3990827657283808e-18,0.0,1.0,0.0,0.0,2.4892545610026767e-17,0.0,2.010453123883575e-17,0.0
1981-03-01,0.0,6.157797494475097e-17,2.1207576280546855e-16,0.9999999999999999,1.9176059323866214e-17,0.0,6.704294833959111e-17,8.993704717845753e-18,6.31926988321411e-17,6.673771653703795e-17
1981-04-01,0.0,0.0,1.0838735830812054e-17,1.0,2.5713435454206906e-17,1.249000902703301e-16,3.2904258983604387e-18,2.2881174117650098e-17,0.0,1.9505153849227885e-17
1981-05-01,0.0,0.0,2.2403270436570642e-17,1.0,0.0,2.7755575615628914e-16,0.0,0.0,4.748436608574948e-18,0.0
1981-06-01,2.961230674984188e-16,0.0,1.389166046849907e-16,1.0,6.749385554866443e-17,0.0,1.8125801360732802e-17,6.8794700185333e-17,6.131815665764759e-18,9.573898873341718e-17
1981-07-01,3.0766991435189176e-17,7.079892716404206e-17,0.0,0.9999999999999998,8.413811701083221e-17,0.0,1.0142234869580535e-16,1.0984680028925384e-16,5.271526879274448e-17,1.1949875872948872e-16
1981-08-01,0.0,9.28549487062176e-18,0.0,0.9999999999999999,0.0,3.400058012914542e-16,0.0,0.0,0.0,0.0
1981-09-01,2.6538624030281217e-17,2.111840443105921e-17,4.890796716035255e-17,0.9999999999999996,6.735090075163276e-17,0.0,0.0,0.0,1.2575931703316146e-16,1.3620212828920262e-16
1981-10-01,0.0,0.0,0.0,1.0,0.0,2.498001805406602e-16,0.0,0.0,0.0,5.874469066627485e-17
1981-11-01,0.0,0.0,0.0,1.0,0.0,2.498001805406602e-16,0.0,0.0,0.0,2.045452192629396e-17
1981-12-01,4.260474256564815e-18,0.0,1.4508948975030535e-17,1.0,2.714887576733375e-17,2.498001805406602e-16,0.0,2.0241453237213074e-18,0.0,0.0
1982-01-01,4.7201516280808716e-17,0.0,2.3349477302985465e-16,0.9999999999999999,1.6429218258983014e-16,0.0,0.0,8.617366740056462e-17,0.0,7.22780620907692e-17
1982-02-01,1.9188210304423722e-16,0.0,0.0,1.0,0.0,0.0,0.0,9.73183732180689e-17,8.261950531642826e-17,7.693619823183465e-17
1982-03-01,5.6588796058489764e-18,0.0,0.0,0.8205052934895464,0.0,0.1794947065104537,1.3154660597318009e-16,0.0,0.0,1.4087372215145757e-16
1982-04-01,6.533837793934333e-17,6.903760622212503e-17,7.082078987183154e-17,0.8158581906822155,1.0329377147170062e-16,0.18414180931778348,4.0388652061015045e-17,9.693780094520904e-17,2.852032559282296e-16,1.465979020002251e-16
1982-05-01,1.4480702003576582e-16,0.0,6.016182745707512e-18,0.9266956325826566,7.421257105392456e-17,0.07330436741734292,0.0,6.987786074741135e-17,1.9093362867458316e-16,5.01357191043378e-17
1982-06-01,0.0,0.0,0.0,0.9192926990529365,0.0,0.08070730094706388,0.0,0.0,2.7387853577812838e-17,0.0
1982-07-01,0.0,2.08667884855885e-17,0.0,0.7922657422597749,2.5588205592569484e-17,0.20773425774022503,1.5227562980618176e-17,9.395829269480791e-17,7.243652617538822e-18,1.6006522023266198e-16
1982-08-01,2.6225308706089035e-18,0.0,0.0,0.6215193322429357,0.0,0.3784806677570653,0.0,0.0,0.0,2.897415213703171e-16
1982-09-01,3.5275685687490057e-16,2.6489504938660573e-17,1.2142451205986256e-17,0.4655667428084015,1.9043461802652593e-16,0.5344332571915975,2.042192907322046e-16,2.464107846134007e-16,0.0,4.451798830635949e-16
1982-10-01,0.0,3.0875114255217524e-17,0.0,0.5747586670050346,0.0,0.42524133299496614,0.0,0.0,0.0,0.0
1982-11-01,2.0695296755531902e-16,1.8470587802375042e-16,2.817473659414736e-17,0.5099743744032209,2.687442423405533e-16,0.49002562559677804,2.9294391412536883e-16,1.8983393104856045e-16,0.0,0.0
1982-12-01,0.0,0.0,0.0,0.30692028618104056,7.038510161754362e-17,0.6930797138189598,0.0,0.0,2.8437271005437155e-17,7.365561220832305e-17
1983-01-01,1.5494084701270568e-16,9.065048600595697e-17,2.887740947113833e-17,0.4537753160051624,8.541033554906509e-17,0.546224683994837,6.384670753936128e-17,0.0,2.0725507374708732e-16,5.314680751903178e-17
1983-02-01,0.0,1.3099219861556514e-16,1.148544028501582e-16,0.14252475419746113,0.0,0.8574752458025386,1.479232156533618e-16,1.467158761015247e-16,0.0,0.0
1983-03-01,4.1158750778686217e-16,0.0,1.0294111756543971e-16,0.19732166413749908,0.0,0.8026783358625004,0.0,1.2804467717145664e-16,0.0,5.204322758471853e-16
1983-04-01,0.0,2.988359073173787e-17,0.0,0.2529200096041001,1.0981887804052606e-16,0.7470799903958991,2.9506927709044567e-16,2.784466479148417e-17,3.820657700584675e-16,0.0
1983-05-01,1.4142970892103744e-16,0.0,0.0,0.3443052328689444,0.0,0.5924196753538682,0.010113024807198813,0.0,0.0,0.05316206696998912
1983-06-01,0.0,4.323152906356995e-17,6.45833862185131e-17,0.3017230129269912,0.0,0.26415171785053415,0.0,0.0,0.0,0.43412526922247485
1983-07-01,1.5107273492411775e-16,0.0,0.0,0.4679171196228668,0.0,0.025150396758615978,0.506932483618517,0.0,0.0,4.328569723654856e-16
1983-08-01,0.0,9.28128017087938e-17,0.0,0.5857430194283588,1.2331295578848256e-16,0.2744653383526584,0.13979164221898277,0.0,0.0,7.349064799114511e-17
1983-09-01,8.673617379884035e-18,0.0,1.0536166639684488e-16,0.6996575826586916,0.0,0.3003424173413085,0.0,1.067085882387573e-16,0.0,0.0
1983-10-01,0.0,0.0,6.691959569893728e-17,0.5415909250913834,0.0,0.4584090749086169,4.850224411013443e-16,0.0,5.726459712041679e-17,0.0
1983-11-01,0.2598999377872219,0.0,0.0,0.31550511333089776,1.5407354446519817e-16,0.4245949488818804,1.3607112977335923e-16,0.0,3.026844923577431e-16,1.2286347335659655e-17
1983-12-01,0.5292507774373422,1.3744946084998978e-16,0.0,0.11144153357170931,0.0,1.7808031292192272e-16,0.35930768899094884,0.0,0.0,0.0
1984-01-01,0.9999999999999998,1.4849232954361469e-15,1.2262318684938394e-16,0.0,3.4163823823330974e-17,0.0,0.0,3.623809572968165e-19,1.6858426818127965e-16,5.336220018137924e-16
1984-02-01,0.6150270330287951,0.0,0.0,0.3849729669712052,1.8957882944163548e-16,0.0,0.0,0.0,5.563567940437478e-17,6.467251718807763e-17
1984-03-01,0.3295670807284001,0.0,7.443904955142446e-18,0.6704329192716002,0.0,0.0,0.0,1.6175676962217044e-16,0.0,0.0
1984-04-01,0.3287632487151753,0.0,1.077544587049709e-16,0.6712367512848251,0.0,0.0,0.0,1.006829284534637e-16,0.0,0.0
1984-05-01,0.17707386413693524,0.0,1.0035292556623632e-16,0.8229261358630652,0.0,0.0,8.532790106630737e-17,5.729249599369274e-17,0.0,0.0
1984-06-01,0.12449749505478351,0.0,0.0,0.8755025049452169,0.0,0.0,0.0,0.0,3.3776654433340377e-17,6.968227113280945e-17
1984-07-01,0.3367054765770535,0.0,1.3511367736198948e-17,0.6632945234229463,0.0,3.621947009502874e-17,1.393337246114531e-16,0.0,0.0,1.889692350559377e-16
1984-08-01,0.7394696258894556,1.512428497903936e-16,0.0,0.26053037411054414,0.0,1.3979078928977322e-16,2.513205747010637e-16,0.0,0.0,6.57479137439322e-17
1984-09-01,0.6631106974485479,3.7043520103149834e-16,0.0,0.33688930255145233,0.0,1.59463513613731e-16,0.0,0.0,4.0332260666519346e-17,2.380907369278754e-16
1984-10-01,0.7510693200691712,4.804033644382597e-16,3.664788217215046e-16,0.24893067993082954,1.3586178456222423e-16,1.887030141402765e-16,0.0,5.765293172524565e-16,8.100718752706569e-17,0.0
1984-11-01,0.9976136467382285,0.0,0.0,0.002386353261771699,7.312778238078461e-17,0.0,8.647285243710155e-16,1.2227390672755361e-16,0.0,1.0004439325106167e-15
1984-12-01,0.9999999999999994,7.210070355462198e-16,0.0,0.0,3.936203381063029e-17,2.4283932376184e-16,0.0,0.0,9.953806980037763e-16,0.0
1985-01-01,1.0,0.0,1.2702175040975e-16,3.6113452555876703e-16,0.0,0.0,0.0,1.0464695258060482e-16,0.0,2.0456144575326555e-16
1985-02-01,0.8402694992037347,3.3546315179637626e-16,0.0,0.15973050079626422,0.0,7.06188701814603e-17,1.089935985937713e-15,0.0,4.724319288839253e-16,1.0038326356909804e-16
1985-03-01,0.8256055947093369,0.0,2.094024685046972e-16,0.17439440529066297,0.0,1.410483520822238e-16,0.0,4.85151667877904e-17,0.0,2.403685670727657e-16
1985-04-01,0.6715580063685348,0.0,0.0,0.3284419936314654,8.648597457627362e-17,0.0,3.0342268056705853e-16,0.0,0.0,0.0
1985-05-01,0.622361339913936,0.0,1.218850194112867e-16,0.377638660086064,0.0,1.3222925347512876e-17,5.216424856638373e-17,0.0,0.0,1.6132678460221365e-16
1985-06-01,0.9672064438753161,2.0270438831572144e-16,1.0728335814463916e-16,0.03279355612468458,7.604649827665432e-17,0.0,0.0,2.377191805413014e-16,0.0,4.437719732961608e-16
1985-07-01,1.0,0.0,0.0,0.0,0.0,0.0,5.084275635696892e-16,0.0,4.321143617882139e-17,1.3913043849277937e-15
1985-08-01,0.9999999999999996,0.0,0.0,0.0,0.0,3.6643278259046983e-17,6.657679974472514e-16,4.069698682040679e-16,0.0,4.1772141301521515e-15
1985-09-01,0.9999999999999996,7.441372363993432e-17,0.0,0.0,0.0,8.448005056228359e-16,0.0,0.0,2.4226993868968297e-18,1.1900203045200897e-15
1985-10-01,0.9999999999999998,1.7265573524635873e-16,8.596062317331743e-16,1.4130555872193548e-15,1.7265573524635873e-16,0.0,0.0,1.5877794743854427e-16,0.0,0.0
1985-11-01,0.030072333859321676,0.0,0.0,0.0204647722364577,0.0,8.685248449918644e-16,0.0,0.0,0.0,0.9494628939042207
1985-12-01,0.0690461674280968,8.414848055553362e-17,0.0,5.356192457329275e-16,0.0,5.51622608323911e-16,5.3799800280369245e-17,0.0,0.0,0.9309538325719025
1986-01-01,0.4801142390333793,0.0,0.0,7.884698770533491e-18,7.033926340303651e-17,0.0,0.0,1.3093388695801877e-17,0.0,0.5198857609666216
1986-02-01,0.4855801468506554,1.3711405720523412e-17,0.0,1.240551164366247e-17,4.189581073526819e-17,4.85722573273506e-16,0.0,0.0,1.650611775296215e-16,0.5144198531493444
1986-03-01,1.0,7.481760275399613e-16,5.538869982305589e-16,1.422581336363987e-15,5.400092104227445e-16,0.0,0.0,4.2898690796022876e-16,0.0,0.0
1986-04-01,0.9999999999999998,0.0,0.0,1.399769527527275e-16,0.0,5.684536513189988e-16,1.0966705846964356e-16,0.0,7.752690761756246e-17,1.5057399771478686e-15
1986-05-01,1.0,0.0,0.0,4.398413884357271e-16,0.0,2.1779678351069576e-16,1.5223088374452547e-15,2.446095937679037e-16,0.0,0.0
1986-06-01,1.0,9.740605219102272e-17,2.8848260680960844e-16,0.0,0.0,0.0,0.0,0.0,0.0,3.3584246494910985e-15
1986-07-01,0.9999999999999983,0.0,0.0,2.6836478509091834e-17,2.1666870184115786e-16,0.0,5.447031714567174e-16,0.0,0.0,1.5488959137620082e-15
1986-08-01,0.9999999999999978,9.813027622535213e-17,2.823203920452383e-16,2.0128721820125366e-16,1.9800408233597523e-16,6.793134204053818e-16,9.71445146547012e-17,5.85672825376284e-18,5.36015351620671e-16,0.0
1986-09-01,0.9999999999999994,0.0,0.0,0.0,0.0,2.0798863252240813e-15,3.5179720868088544e-15,0.0,2.353972634428417e-15,0.0
1986-10-01,0.999999999999999,2.0063661151528422e-16,9.172998403648669e-17,1.1604450939258303e-17,0.0,0.0,0.0,0.0,1.9895458634475346e-16,1.3877787807814457e-15
1986-11-01,1.0,0.0,0.0,1.7290296906447175e-16,0.0,4.1576425570122477e-16,1.3178204632091644e-15,0.0,2.402792160104296e-16,0.0
1986-12-01,1.0,1.1491419976349502e-16,2.531369577248871e-16,5.537848146353109e-17,2.380929995225055e-16,0.0,0.0,0.0,0.0,1.2212453270876722e-15
1987-01-01,0.999999999999999,3.4121628174282307e-17,2.941190596232201e-17,0.0,3.5284380392884646e-17,0.0,0.0,3.1130447080855317e-16,4.395799777276868e-17,1.0061396160665481e-15
1987-02-01,1.0,0.0,0.0,0.0,4.202726522920197e-17,0.0,0.0,0.0,0.0,1.3082803177946427e-15
1987-03-01,1.0,1.1787973948087448e-16,5.963956113207899e-17,1.1674422246752073e-16,5.027482285614967e-17,1.2370595872721465e-16,9.853229343548264e-16,0.0,1.205183804782157e-16,0.0
1987-04-01,0.9999999999999998,0.0,4.531213108160201e-17,0.0,0.0,0.0,9.575673587391975e-16,0.0,1.1558296391904807e-18,2.6539872794662057e-16
1987-05-01,1.0,1.3259704891286343e-16,1.4159543208698912e-16,6.392688182959401e-17,1.1944859554999607e-16,0.0,0.0,0.0,5.1056987543262923e-17,0.0
1987-06-01,0.999999999999999,0.0,6.811659858442158e-17,0.0,0.0,1.4467892713688662e-16,2.0816681711721685e-16,1.5729463803567179e-15,0.0,0.0
1987-07-01,1.0,0.0,1.8569719472197638e-16,0.0,1.384348665078614e-16,0.0,4.996003610813204e-16,0.0,5.170461800669708e-17,2.276878823270221e-16
1987-08-01,1.0,0.0,0.0,1.712894480076915e-16,0.0,0.0,0.0,1.2920671877723107e-15,0.0,0.0
1987-09-01,1.0,0.0,0.0,0.0,0.0,0.0,2.609024107869118e-15,0.0,0.0,5.31627876107499e-16
1987-10-01,1.0,1.484608769776148e-17,2.7540119314258484e-17,0.0,0.0,0.0,0.0,8.026899183865865e-17,1.1233339560411153e-16,5.09397736377103e-16
1987-11-01,0.9999999999999999,7.301651267703425e-17,2.4454532180639455e-16,7.376305652277922e-16,2.562629180385232e-16,0.0,0.0,0.0,0.0,6.820330569796019e-16
1987-12-01,1.0,0.0,0.0,4.7559438149840175e-17,0.0,8.604228440844963e-16,0.0,0.0,0.0,0.0
1988-01-01,1.0,2.6170340158361487e-16,0.0,2.3078304934717305e-16,0.0,0.0,1.014937786184679e-17,1.3169887038831945e-16,0.0,4.782479209488346e-16
1988-02-01,0.9999999999999991,0.0,6.603481776401855e-17,0.0,0.0,1.6479873021779667e-15,0.0,4.1088698790945184e-17,5.1945612407359164e-17,0.0
1988-03-01,1.0,3.2093190514625326e-16,2.8222274067290016e-16,1.324072104392681e-16,3.820470829399621e-17,0.0,0.0,0.0,0.0,1.8907051717567524e-16
1988-04-01,0.9999999999999989,0.0,0.0,3.446901275700561e-16,0.0,0.0,1.0347625534201654e-15,2.3522256566628127e-16,7.894982336070774e-17,0.0
1988-05-01,0.9999999999999992,0.0,1.6151847572038612e-16,2.0122792321330962e-16,0.0,6.80205237162485e-16,0.0,3.483585271017948e-16,7.980747001301136e-16,0.0
1988-06-01,0.9999999999999999,2.098511076566829e-17,4.57288999780368e-17,5.689893001203927e-16,0.0,0.0,0.0,1.0492225193565773e-16,5.378712354455346e-19,1.3992001250582336e-16
1988-07-01,0.9999999999999997,0.0,0.0,2.226596543363621e-16,0.0,1.0829258714298254e-16,2.7755575615628914e-16,2.6819668423285055e-17,0.0,0.0
1988-08-01,0.9999999999999998,0.0,0.0,4.3021142204224816e-16,3.714847749591062e-17,2.088684621647642e-16,6.909936547671832e-16,0.0,0.0,0.0
1988-09-01,0.9999999999999993,0.0,0.0,1.0130785099704553e-15,0.0,1.487228427065982e-16,4.4000205315429674e-16,0.0,0.0,0.0
1988-10-01,0.9999999999999988,5.671412344424326e-17,3.8342502700013174e-16,1.4350021393728125e-16,4.985268592939062e-17,2.245418385176493e-16,3.3306690738754696e-16,2.351863573936543e-17,4.9036812495096513e-17,1.0408219207643491e-16
1988-11-01,1.0,0.0,2.0665408050596507e-18,0.0,5.1212371289914195e-17,3.05719062592668e-17,2.7755575615628914e-16,4.461300032527033e-17,0.0,1.1922965628656427e-18
1988-12-01,0.9999999999999999,2.7375339629247505e-17,1.639034534524203e-16,4.9659588920620866e-17,0.0,1.8620593359423667e-16,0.0,5.671554289759216e-17,9.819728665510991e-17,1.2516230296638021e-17
1989-01-01,1.0,0.0,5.1135291016404747e-17,0.0,3.314967822014908e-17,0.0,0.0,1.200327377192208e-16,2.055692207837971e-17,3.6507269029052874e-16
1989-02-01,0.9999999999999996,6.435092755303919e-17,1.3993309053856276e-16,0.0,3.256762133145074e-17,1.717155347652229e-16,1.1102230246251565e-16,0.0,1.1760678503958303e-16,0.0
1989-03-01,0.9999999999999998,1.2507264068530735e-16,1.1405340358496076e-16,0.0,0.0,1.9401659269676803e-16,0.0,6.299400019837087e-17,0.0,1.572559485222884e-17
1989-04-01,1.0,1.1038262320458279e-16,1.207069932124657e-16,0.0,1.5150439567752333e-17,0.0,0.0,0.0,3.491078024768527e-17,6.208213607433332e-17
1989-05-01,0.9999999999999993,0.0,0.0,0.0,0.0,9.783840404509192e-16,0.0,1.0427121268391317e-16,6.900447853033548e-17,0.0
1989-06-01,1.0,0.0,1.00968553431456e-17,0.0,0.0,9.055256544598933e-16,0.0,0.0,0.0,2.7122423058537697e-16
1989-07-01,1.0,1.4426133494851882e-16,2.0976612008511745e-17,3.17539282736318e-17,2.7083432383874882e-17,1.3877787807814457e-17,0.0,0.0,0.0,1.702177736598368e-17
1989-08-01,0.9999999999999987,0.0,0.0,0.0,0.0,9.645062526431047e-16,9.656089191120585e-16,1.0324084261314181e-16,0.0,0.0
1989-09-01,0.9999999999999998,2.0483039163709668e-17,9.493023465416397e-17,0.0,0.0,5.551115123125783e-17,1.3790728560074248e-16,1.4847239407015406e-16,3.1881746362011506e-17,4.487800478994769e-17
1989-10-01,1.0,0.0,3.845903335387208e-18,4.560434312218691e-17,1.8901515685782908e-16,0.0,0.0,0.0,1.5514257607935698e-16,3.908593394533388e-16
1989-11-01,1.0,1.1772872276424042e-16,0.0,7.271680479163536e-17,3.224999109730139e-16,0.0,2.2843725545173294e-16,0.0,0.0,0.0
1989-12-01,1.0,4.596537929689562e-17,3.500091228314767e-17,2.5086308536620376e-17,1.378400127451162e-16,0.0,0.0,1.1640756988713742e-16,2.3336529453603194e-16,8.025809381496932e-17
1990-01-01,0.9999999999999987,0.0,1.1482254925729152e-16,0.0,1.8662304063404462e-16,9.575673587391975e-16,1.823492249379423e-16,9.435544442813473e-17,0.0,0.0
1990-02-01,1.0,0.0,0.0,0.0,1.0957541692699389e-16,8.465450562766819e-16,0.0,0.0,0.0,0.0
1990-03-01,1.0,0.0,4.638456019290075e-17,0.0,0.0,0.0,1.1006040552831537e-16,5.206141505223217e-17,7.390637939930701e-17,1.017217161632764e-16
1990-04-01,0.999999999999999,0.0,0.0,0.0,0.0,1.1657341758564144e-15,3.009848044118007e-16,0.0,0.0,2.928484915105111e-17
1990-05-01,0.9999999999999976,0.0,1.127955208046026e-16,1.9144889930670977e-17,0.0,1.609823385706477e-15,3.821749733074021e-16,1.9347297728374233e-16,1.0306518008252897e-16,4.4740967909724875e-17
1990-06-01,0.9999999999999997,0.0,0.0,1.1285900401674432e-16,3.068248453621883e-16,4.718447854656915e-16,0.0,0.0,0.0,1.0123729853949406e-16
1990-07-01,1.0,0.0,0.0,0.0,2.431909356547185e-17,0.0,0.0,1.3458716151235123e-16,0.0,0.0
1990-08-01,1.0,0.0,0.0,0.0,1.799559687709244e-16,0.0,9.634746606574523e-16,6.007577571558728e-16,1.830175853130308e-17,0.0
1990-09-01,1.0,0.0,0.0,1.3899849743307013e-17,0.0,0.0,2.249184129793135e-16,3.681532631914709e-16,1.6031713861789711e-16,0.0
1990-10-01,1.0,1.8268871106585199e-16,2.2172529181867325e-16,2.2136559099647997e-16,2.650979112960699e-16,1.8041124150158794e-16,0.0,0.0,0.0,2.154001761334838e-16
1990-11-01,0.9999999999999996,0.0,0.0,0.0,9.367590585804245e-18,5.551115123125783e-16,0.0,2.8924084512467906e-16,2.0399805085840975e-17,0.0
1990-12-01,0.9999999999999987,1.037528313056368e-17,0.0,0.0,0.0,0.0,4.540083516818595e-16,5.616846503307073e-16,6.252966954586594e-16,0.0
1991-01-01,0.9999999999999994,4.9110030606630344e-17,2.0037300628984846e-16,7.369095540267931e-17,0.0,0.0,3.0865649470585217e-16,0.0,1.7834132592994236e-16,2.4321614595605503e-16
1991-02-01,0.9999999999999988,5.443924585998574e-17,0.0,0.0,0.0,2.498001805406602e-16,7.856898784449602e-16,2.6575317201972732e-17,3.0635189822491657e-16,1.24918668537819e-17
1991-03-01,1.0,0.0,0.0,0.0,0.0,1.1379786002407855e-15,0.0,0.0,0.0,0.0
1991-04-01,1.0,0.0,0.0,0.0,0.0,5.551115123125783e-17,0.0,0.0,1.3337859444053188e-16,0.0
1991-05-01,0.9999999999999999,7.065550151565985e-17,1.9723745610556264e-16,1.7357296669288679e-16,0.0,0.0,0.0,0.0,4.006455916841218e-16,1.1888878413085353e-16
1991-06-01,1.0,2.970298766151951e-16,1.3346391603105564e-16,6.453824710620442e-18,0.0,0.0,0.0,0.0,0.0,1.7005748382324377e-16
1991-07-01,1.0,0.0,8.776058275548687e-16,0.0,5.2613370935018105e-17,0.0,0.0,0.0,0.0,2.3058313006544925e-17
1991-08-01,1.0,0.0,8.00884332235782e-17,0.0,0.0,6.664287888562171e-17,0.0,9.90794609857648e-17,5.687704938684168e-17,0.0
1991-09-01,0.9999999999999996,0.0,2.203969915920593e-17,0.0,0.0,2.7803152649384255e-16,0.0,3.224647557271285e-16,1.4401233470242658e-16,0.0
1991-10-01,1.0,0.0,0.0,0.0,0.0,0.0,4.358492733391728e-16,0.0,0.0,2.1955520192091657e-17
1991-11-01,0.9999999999999992,1.9359709053877663e-16,1.7625759818877225e-16,5.208816528062152e-17,1.8506571302940552e-16,1.3012587603209644e-16,0.0,5.967448757360216e-16,1.746276247817103e-16,0.0
1991-12-01,1.0,0.0,0.0,9.83756369563136e-17,0.0,1.5272262506005326e-16,0.0,0.0,2.229981459303729e-16,0.0
1992-01-01,1.0,9.386534719950008e-17,1.6001818739106456e-16,1.203415067658043e-16,0.0,5.0140903522073676e-17,0.0,0.0,9.797773491198015e-17,0.0
1992-02-01,1.0,3.737944696654038e-17,5.880627288281326e-17,0.0,1.2459266891208922e-17,0.0,0.0,1.4791876456923394e-16,0.0,0.0
1992-03-01,1.0,1.727182418021773e-16,5.4484583200435163e-17,1.0707371078277299e-16,0.0,0.0,4.163336342344337e-17,0.0,9.728287972812796e-17,0.0
1992-04-01,0.9999999999999998,2.450601538286214e-16,2.899029263147069e-16,1.5593567808716753e-16,1.310232327482206e-16,3.2925500872128414e-16,0.0,0.0,2.020963437635349e-17,3.19907918173071e-16
1992-05-01,1.0,1.5289663027818146e-16,0.0,6.230532309970102e-17,1.7080614036749057e-16,0.0,0.0,0.0,1.0226439715039461e-17,0.0
1992-06-01,0.9999999999999983,0.0,6.003480924828005e-17,6.3329418668165e-17,0.0,2.504696001271542e-16,8.881784197001252e-16,6.346518977539435e-16,1.6150329671026443e-16,8.497937156954829e-18
1992-07-01,0.9999999999999994,5.819177778804552e-17,9.011009096226739e-17,6.24554489864462e-17,2.891346314005041e-17,1.609222915505181e-16,1.1796119636642288e-16,2.151988080142242e-17,0.0,8.716775850369757e-17
1992-08-01,1.0,0.0,0.0,0.0,0.0,0.0,0.0,0.0,0.0,0.0
1992-09-01,0.9999999999999992,1.401636225325166e-16,1.025605516852962e-16,6.417841156842567e-16,8.005150787673539e-17,0.0,0.0,0.0,7.975488967595521e-17,1.2464716139962897e-16
1992-10-01,0.9999999999999997,0.0,0.0,0.0,0.0,6.903263655217546e-16,7.28583859910259e-16,3.721230543302876e-16,1.914641248627502e-16,0.0
1992-11-01,0.9999999999999984,0.0,1.5759303419503904e-16,2.652094229798082e-16,0.0,7.130133984739905e-16,4.465828748467793e-16,1.9996821142939683e-16,8.290178428616271e-17,0.0
1992-12-01,0.9999999999999991,2.4506566761238965e-16,1.0245589355272558e-16,1.0395343240019279e-16,2.3450538553155576e-16,3.642919299551295e-16,0.0,0.0,7.221046754441426e-17,1.9415752934729398e-16
1993-01-01,1.0,3.2664660891572967e-18,0.0,6.08449247910569e-17,0.0,0.0,1.2267421742624245e-16,1.775072273501469e-18,0.0,8.472339065691844e-17
1993-02-01,1.0,8.893658904033971e-17,9.321213326600945e-17,7.755718986199562e-17,2.085481389900514e-16,0.0,0.0,1.238462553564945e-16,3.1383644285572227e-17,0.0
1993-03-01,0.9999999999999998,0.0,8.729538524722185e-17,2.863115385858617e-17,1.9623589112979018e-16,1.4224732503009818e-16,0.0,0.0,2.494169718340782e-16,9.885007709982911e-17
1993-04-01,0.9999999999999993,0.0,1.732537325197532e-17,0.0,3.705265759761101e-18,4.440892098500626e-16,1.262484635456777e-16,6.812930473662513e-17,1.0323207161377363e-16,0.0
1993-05-01,0.9999999999999993,5.387239803543342e-17,0.0,9.747569588870269e-17,4.0269518504284875e-16,2.220446049250313e-16,1.2556778660736453e-16,1.2268603181835246e-17,0.0,7.485628366518732e-17
1993-06-01,1.0,0.0,0.0,0.0,0.0,1.1657341758564144e-15,0.0,0.0,1.4893736794520708e-16,0.0
1993-07-01,0.9648484589848438,0.0,0.0,0.0,0.0,0.035151541015156496,0.0,0.0,3.098042616601957e-16,0.0
1993-08-01,0.48915892269241035,1.3513137751112463e-16,0.0,0.0,1.939345391623156e-16,0.5108410773075898,0.0,0.0,0.0,2.798671167924871e-17
1993-09-01,0.49231791309857004,0.0,1.3877183890182567e-16,3.3094972737638454e-16,7.013940813301066e-17,0.5076820869014296,0.0,0.0,1.8735013540549517e-16,9.76216286410321e-17
1993-10-01,0.25468802631859283,0.0,3.681351538757375e-17,0.0,0.0,0.7453119736814073,1.0206325567556048e-16,3.385929840349315e-17,7.842001691481548e-17,5.4891747490661436e-17
1993-11-01,0.13819574831220047,1.7546619199020635e-16,2.5097971282284856e-16,1.0469228476259954e-16,4.381955532196623e-16,0.8618042516877985,0.0,7.160574005754328e-17,0.0,1.6487292618298648e-16
1993-12-01,0.6667848594918596,3.000330295733529e-17,2.130872503462214e-17,0.0,8.447719519358764e-18,0.33321514050813994,6.93578676222741e-16,2.203797475905161e-16,0.0,0.0
1994-01-01,0.7285580908763557,0.0,0.0,1.9080285295893274e-17,0.0,0.27144190912364446,1.9879469296372919e-16,2.7607021592636866e-17,2.0270211574623992e-16,0.0
1994-02-01,0.8791857634139209,5.848308008601138e-17,0.0,1.819624885608286e-16,0.0,0.12081423658607879,5.665243766137316e-17,0.0,3.8573713233314695e-17,0.0
1994-03-01,0.9999999999999999,3.617211916474624e-16,0.0,1.5139384033543076e-16,0.0,0.0,2.40662884134415e-16,0.0,5.180837401852938e-17,1.746525166166294e-16
1994-04-01,0.8830779145829097,0.0,3.2607268487947187e-17,1.9639766877354065e-17,1.7508200412443765e-16,0.11692208541709095,0.0,3.642136052750317e-16,0.0,0.0
1994-05-01,0.9705837295987091,0.0,0.0,7.12475996117462e-17,7.924086165750625e-17,0.029416270401292077,0.0,0.0,3.8125929342082753e-17,0.0
1994-06-01,0.6807497725709284,0.0,0.0,2.8722398514821614e-17,1.905154394031641e-16,0.3192502274290704,7.33290565925552e-16,5.017698741302581e-16,0.0,0.0
1994-07-01,0.8815993903341053,0.0,6.851633613021547e-17,1.9110001907390207e-17,2.77002498486446e-16,0.11840060966589472,0.0,6.182578518556967e-17,0.0,3.2762305927205605e-17
1994-08-01,1.0,4.2436717347527436e-16,0.0,0.0,9.346114790801376e-17,0.0,0.0,1.0963202567520773e-16,0.0,1.0273672558032923e-16
1994-09-01,1.0,5.278338747452081e-17,1.2691282833062033e-16,0.0,0.0,0.0,1.521593574851296e-17,1.639435450735515e-16,1.3959894181416325e-16,6.881683487157145e-17
1994-10-01,0.9999999999999991,5.835461660914248e-17,0.0,6.264919272572617e-17,6.650835183539101e-17,1.1657341758564144e-15,2.0897112445181638e-16,0.0,6.984052759302038e-17,0.0
1994-11-01,0.9999999999999996,9.514702788739038e-18,0.0,0.0,0.0,0.0,0.0,1.1094280347045285e-15,9.877282897747467e-18,0.0
1994-12-01,1.0,1.1944223154829731e-17,1.691003552478848e-16,0.0,0.0,0.0,3.136345469429193e-16,0.0,0.0,6.226625495478255e-18
1995-01-01,1.0,3.10588911744912e-17,0.0,0.0,0.0,2.7497244455325053e-16,0.0,0.0,3.1503701848085224e-17,0.0
1995-02-01,0.9999999999999996,3.900908433119299e-17,0.0,0.0,0.0,0.0,0.0,1.106753577673203e-15,8.402914699600477e-18,4.216861329945063e-17
1995-03-01,1.0,1.0300356446186098e-16,4.505204153640449e-17,0.0,1.0472871436779605e-16,0.0,0.0,5.828670879282072e-16,7.417980808579219e-17,0.0
1995-04-01,0.9999999999999992,0.0,4.537588896916081e-16,7.159676321614659e-17,0.0,1.9846614774284314e-16,5.295681621556553e-16,0.0,7.220208106647488e-17,6.021314744119148e-17
1995-05-01,0.9999999999999998,4.331209436507362e-17,0.0,9.345384649713737e-17,1.5815215065967053e-17,0.0,0.0,8.465450562766819e-16,0.0,2.2394262677548107e-16
1995-06-01,1.0,0.0,0.0,0.0,0.0,0.0,2.889237644059384e-17,6.38378239159465e-16,0.0,0.0
1995-07-01,1.0,0.0,2.040481261036301e-16,0.0,0.0,1.4166324911042702e-16,1.3657792384846396e-16,2.7755575615628914e-17,0.0,0.0
1995-08-01,1.0,0.0,0.0,0.0,0.0,0.0,0.0,6.106226635438361e-16,0.0,0.0
1995-09-01,1.0,0.0,3.8388314712002637e-16,0.0,0.0,1.7214305792150343e-16,1.4756660649702193e-16,0.0,0.0,0.0
1995-10-01,1.0,0.0,1.538827879460347e-16,0.0,0.0,0.0,1.0557224578126428e-16,0.0,0.0,1.3804014182376668e-16
1995-11-01,0.8956002356760683,0.0,0.0,0.0,0.0,4.946137738935258e-16,0.0,0.10439976432393186,0.0,0.0
1995-12-01,0.9891528809457715,0.0,1.616476286943576e-16,0.0,0.0,2.703463809138383e-16,0.0,0.010847119054228638,0.0,0.0
1996-01-01,0.3063182743290898,0.0,0.0,0.0,0.0,9.430377590083757e-16,3.8120263551049606e-17,0.6936817256709097,0.0,2.4206499834196e-17
1996-02-01,0.0,1.7314727251602227e-16,0.0,1.6003714147778897e-16,7.896144119060704e-17,0.0,8.556006199617275e-16,1.0,2.928327077291491e-16,2.797542198317275e-17
1996-03-01,2.7755575615628914e-17,2.985846422549389e-17,0.0,9.050303094985027e-18,6.16896794612773e-17,0.0,1.0759376059744742e-16,0.9999999999999999,7.839273833760078e-17,0.0
1996-04-01,0.1300537904071545,0.0,0.0,0.0,7.611506752031402e-17,5.431638506424831e-17,2.0781009504384743e-16,0.8699462095928453,0.0,8.288481891319461e-17
1996-05-01,0.248842465571673,0.0,0.0,5.230460366154708e-17,1.110195402549653e-16,1.7904488226229055e-16,1.1591825305014764e-16,0.7511575344283268,0.0,1.0874465101958367e-16
1996-06-01,0.362796362177113,0.0,0.0,1.0080911026255275e-16,5.411404866692501e-17,1.134093286329527e-16,0.0,0.6372036378228871,3.810558963688497e-17,0.0
1996-07-01,0.6717129632115266,2.5518230937118864e-17,1.7771112033158348e-16,0.0,1.0445357653056785e-16,0.0,3.251531877101774e-17,0.32828703678847326,1.711530522516395e-17,0.0
1996-08-01,0.9659401997670257,3.1905586823915267e-16,0.0,0.0,0.0,0.0,0.0,0.034059800232974335,5.916473980533689e-17,0.0
1996-09-01,0.5649810438304703,9.76313755889455e-17,0.0,1.5153433397077312e-18,0.0,1.677710264093949e-17,0.0,0.43501895616952996,8.151338635583639e-17,6.685967057203058e-18
1996-10-01,0.0,7.54064902397192e-16,0.0,1.5889548307057997e-16,4.93838204874427e-17,0.0,9.469714174379066e-17,1.0,6.224259995678365e-17,1.1118382946552085e-15
1996-11-01,0.16758557362860568,3.331239602531824e-17,1.0232729940808984e-17,0.0,0.0,0.0,1.6058578970700033e-16,0.8324144263713944,8.286500384565214e-17,0.0
1996-12-01,0.09227060128843649,1.0496054571996424e-16,0.0,8.147923036342998e-17,8.38407495380287e-17,1.3767865614703918e-16,0.0,0.9077293987115632,4.988669405036258e-17,1.3088667782973782e-16
1997-01-01,0.635492356888174,1.5455889326227678e-16,2.4592808426054756e-16,0.0,0.0,0.0,5.639202337569992e-17,0.364507643111826,1.8882496547732598e-16,0.0
1997-02-01,0.15552397399390333,0.0,0.0,5.4407508395788546e-17,5.967918502476998e-18,8.927558563969928e-17,0.0,0.8444760260060968,2.1371146072727984e-17,1.1883103873589833e-16
1997-03-01,1.0,5.462804340119572e-16,5.428728201516035e-16,0.0,2.519022135386571e-16,0.0,2.525013083122319e-16,0.0,1.93519940614372e-16,1.180892358168671e-16
1997-04-01,0.9999999999999996,2.159378584567116e-17,0.0,1.1303401431652182e-16,1.091269416450112e-16,0.0,2.6160582088164628e-17,5.273559366969494e-16,7.821274455292311e-19,5.550797752466897e-17
1997-05-01,1.0,0.0,0.0,2.6599706870100983e-16,3.741663243966728e-17,0.0,7.765544473861606e-17,0.0,0.0,0.0
1997-06-01,0.9618608676142633,2.1833016116201083e-16,0.0,3.3546353354329343e-16,2.6842547625188235e-16,0.0,3.6120294847854665e-16,0.038139132385736296,1.5774300545089495e-16,0.0
1997-07-01,0.2513399259110721,5.542871103270405e-18,1.0678203685068253e-17,0.0,5.305393550520324e-17,0.0,0.0,0.7486600740889282,0.0,0.0
1997-08-01,0.3805223819941308,1.84164380272006e-16,0.0,2.5289915759768338e-17,2.002246379319951e-16,3.006132607111129e-16,0.0,0.6194776180058683,0.0,3.3625415653858966e-16
1997-09-01,0.20258698737494518,3.387254664051269e-17,2.4987834184676594e-17,0.0,6.577539633498889e-17,0.0,0.0,0.7974130126250556,2.2481298752882473e-16,0.0
1997-10-01,0.12080332198754817,2.0575153639605835e-17,6.260240385906106e-17,1.6090381992970104e-16,2.0818035788019156e-16,9.36105996760709e-17,0.0,0.8791966780124509,1.2764189195548561e-17,6.30289905560133e-16
1997-11-01,1.1102230246251565e-16,8.789120866398173e-17,0.0,7.587866458968756e-17,3.334593955453405e-17,0.0,8.280839613447563e-18,0.9999999999999996,1.4162556918402018e-16,1.439695036588305e-16
1997-12-01,0.08976270810307355,0.0,0.0,0.0,2.17268104012608e-17,4.6397160776411595e-17,4.2372005284377455e-17,0.9102372918969268,0.0,0.0
1998-01-01,0.0,0.0,0.0,4.0206865471852924e-17,0.0,0.0,3.8864896742948585e-16,0.9999999999999999,9.202831371221342e-17,2.568143742211885e-16
1998-02-01,0.0,0.0,8.510100104247908e-17,0.0,6.480200615150713e-17,0.0,0.0,1.0,0.0,4.14898796815315e-17
1998-03-01,2.706168622523819e-16,0.0,4.030865122692769e-17,0.0,0.0,0.0,0.0,0.9999999999999999,1.8925586666546276e-17,7.877354658774612e-17
1998-04-01,0.0,0.0,5.804386774121665e-17,0.0,1.3434323443335242e-16,2.8023863185902305e-16,1.2714228288496628e-16,1.0,0.0,0.0
1998-05-01,5.60459858001116e-17,0.0,0.0,8.510260402272312e-17,0.0,0.0,1.5279984114656644e-17,1.0,0.0,0.0
1998-06-01,6.938893903907228e-17,0.0,1.0668667710950702e-17,0.0,2.747558111361237e-17,5.3763682458396684e-17,4.066836549728564e-18,1.0,0.0,0.0
1998-07-01,0.0,4.857280440723826e-16,1.7333414561545816e-17,0.0,4.697153003095017e-17,1.7115569042220648e-16,1.7878396001179593e-16,1.0,4.44568851880027e-17,0.0
1998-08-01,0.0,7.575642662386591e-17,1.0203108506930769e-17,8.656043107296025e-17,0.0,0.0,1.819698520015284e-17,1.0,1.0742717533370881e-16,0.0
1998-09-01,2.1510571102112408e-16,0.0,0.0,3.733280132991667e-17,0.0,0.0,0.0,1.0,0.0,3.8326076568717145e-17
1998-10-01,0.0,0.0,0.0,0.0,1.2628786905111156e-15,0.0,2.6442053805417498e-17,1.0,0.0,0.0
1998-11-01,0.0,0.0,4.213450357117736e-17,5.395046206454532e-17,4.440892098500626e-16,0.0,6.725740062173395e-17,1.0,0.0,0.0
1998-12-01,1.491484337121719e-17,0.0,5.364454069078727e-18,0.0,3.3306690738754696e-16,5.415071830597975e-17,0.0,0.9999999999999999,2.247754857095595e-17,2.3029446814799315e-17
1999-01-01,1.3341765286455716e-16,0.0,4.7910446203683405e-17,2.328206865534198e-17,0.0,2.258693187442802e-16,1.2279205084470007e-16,0.9999999999999996,0.0,0.0
1999-02-01,0.0,0.0,0.0,0.0,0.4492811655952494,1.5999145754203846e-17,0.0,0.5507188344047518,0.0,0.0
1999-03-01,3.46635925307722e-16,0.0,4.6260768730055916e-17,0.0,0.14491964973531068,2.474144297623137e-16,3.869001489062423e-17,0.8550803502646893,0.0,3.0016983719520725e-17
1999-04-01,1.1115518893951103e-16,2.4998775669508418e-17,0.0,1.5470340238395462e-16,0.6431442355552202,0.0,1.0861974695634651e-16,0.35685576444478,1.4283298926433216e-16,0.0
1999-05-01,0.0,1.2041122824103197e-17,0.0,3.4104180875078584e-18,0.895086468683185,5.150355046953078e-16,0.0,0.10491353131681466,5.184569513660606e-17,3.5641767460702414e-17
1999-06-01,8.123855702972951e-17,0.0,5.441252782361961e-17,0.0,0.9629612804367749,0.0,4.733900677303672e-17,0.03703871956322494,0.0,1.9317940146936375e-16
1999-07-01,0.0,2.0036517013656873e-17,0.0,5.581708458998744e-17,1.0,0.0,9.447661951716685e-17,1.1102230246251565e-16,0.0,5.5304347479585556e-17
1999-08-01,7.601825341591145e-17,2.3115631290700437e-18,0.0,1.9828669954580605e-17,1.0,9.952727010609706e-17,0.0,1.6653345369377348e-16,1.0999019284518293e-17,0.0
1999-09-01,0.0,0.0,4.0499855744537504e-17,1.0781397057079723e-17,0.9999999999999999,7.339869947717602e-17,1.8920455639352442e-17,8.326672684688674e-17,0.0,1.5549431701227255e-16
1999-10-01,0.0,0.0,0.0,0.0,1.0,0.0,0.0,3.191891195797325e-16,0.0,0.0
1999-11-01,1.0148685457004205e-16,3.7815630806216253e-17,0.0,6.137103734315395e-18,1.0,1.551699279017764e-16,4.3853228608901095e-17,0.0,2.1942709178604378e-18,1.19453427551293e-16
1999-12-01,3.230702164138586e-17,4.211787905883649e-17,0.0,0.0,1.0,9.275753263992583e-18,0.0,1.5265566588595902e-16,4.6152532533295756e-17,0.0
2000-01-01,0.0,0.0,0.0,0.0,1.0,0.0,1.3018322863714694e-17,0.0,0.0,1.6797579580938113e-17
2000-02-01,6.362330752905995e-17,6.620763048269732e-17,0.0,0.0,0.9999999999999998,1.27851260415657e-16,0.0,3.885780586188048e-16,9.862858281707932e-17,0.0
2000-03-01,5.618640036642398e-17,7.742221397884312e-17,1.2890908342229362e-16,6.282897253690634e-18,0.9999999999999999,0.0,1.5817771853229974e-16,0.0,4.8440234897260394e-17,9.815714370806132e-17
2000-04-01,0.0,2.991750999775486e-17,0.0,4.461765020973392e-17,1.0,0.0,0.0,0.0,4.6725323779467616e-17,0.0
2000-05-01,5.950697054490873e-17,0.0,4.941190750410296e-17,0.0,1.0,0.0,7.771720367484789e-17,0.0,0.0,0.0
2000-06-01,0.0,0.0,0.0,0.0,1.0,0.0,1.775257806580797e-17,0.0,2.6480303943771243e-17,0.0
2000-07-01,1.2083679310089462e-17,0.0,0.0,1.889711725623287e-17,1.0,0.0,1.1927617583950301e-15,0.0,5.773181539211614e-17,0.0
2000-08-01,0.0,0.0,0.0,1.0590415575926123e-16,1.0,0.0,6.151964611625984e-19,0.0,7.223542105734176e-18,0.0
2000-09-01,0.0,0.0,2.5107644811538118e-17,0.0,1.0,7.356471028648483e-17,5.139284858254798e-17,1.0408340855860843e-16,0.0,0.0
2000-10-01,5.248157156661286e-18,0.0,9.82378739645198e-18,0.0,0.9999999999999997,2.3163877529197968e-17,0.0,3.3480163086352377e-16,1.0963176107989184e-16,0.0
2000-11-01,0.0,0.0,4.5438735309283196e-17,0.0,0.9999999999999999,0.0,1.887578208338834e-17,3.1548505823485354e-18,0.0,3.135512682828079e-16
2000-12-01,0.0,1.6258063142516726e-17,0.0,3.595562532569879e-17,1.0,2.854013427393138e-17,1.9260606689300592e-17,0.0,1.711038526537342e-17,1.1479301183401186e-16
2001-01-01,0.0,5.174166323888706e-19,0.0,0.0,0.945451219177294,3.8579091876632393e-17,0.0,0.05454878082270596,6.1393931606509165e-18,1.1199652659593933e-16
2001-02-01,1.7151736105644926e-17,0.0,6.347736104179953e-17,0.0,1.0,0.0,7.425691475940358e-18,1.240327285323417e-16,3.269376747541108e-17,0.0
2001-03-01,2.0138888403117228e-17,3.243121708493902e-17,0.0,2.7886384200665924e-17,0.7234022946690766,1.0678477996986355e-17,0.0,0.2765977053309235,2.0601028422891533e-17,0.0
2001-04-01,1.300254755470828e-17,1.949544704286377e-17,0.0,2.5566979208782592e-17,0.6361396281816004,2.148212283095696e-18,5.321040662243764e-18,0.04654963173797885,1.3423914876944942e-17,0.3173107400804207
2001-05-01,0.0,0.0,0.0,0.0,0.8807819498165563,0.0,0.0,0.03092181547057715,0.0,0.08829623471286652
2001-06-01,6.426639765153047e-17,4.3883396808802986e-17,0.0,0.0,0.7827341401123687,0.0,4.456738778864192e-18,0.02965831780379796,0.0,0.18760754208383343
2001-07-01,0.0,0.0,0.0,0.0,0.8756348917572873,0.0,1.7245688095442734e-17,1.0224040765562403e-16,0.0,0.12436510824271264
2001-08-01,0.0,0.0,0.0,7.452172783336198e-17,0.7802450707648247,3.188971549826812e-17,2.4517140725366692e-17,5.4223723348823533e-17,0.0,0.21975492923517537
2001-09-01,1.0467905823756718e-17,0.0,8.664710006948445e-17,3.2151949273466806e-17,0.6457961000235942,0.0,0.0,0.05455838628414766,0.0,0.299645513692258
2001-10-01,0.0,0.0,9.740140876275345e-17,0.0,0.4234993565183039,0.0,0.0,0.39702823797188713,0.0,0.17947240550980947
2001-11-01,0.0,5.708172417706952e-18,4.02117202620872e-17,3.6742273310133585e-17,0.6743967506199964,0.0,0.0,0.26223488266599465,4.840810679718549e-18,0.06336836671400904
2001-12-01,0.0,1.4781659265236777e-16,1.4629870961088806e-16,1.837969134778949e-18,0.7923779308862976,0.0,3.3196112397418238e-18,0.05329614070178054,0.0,0.1543259284119217
2002-01-01,0.0,1.168233469537934e-17,3.130639401736697e-17,0.0,0.773990341855394,0.0,0.0,0.0,0.0,0.22600965814460625
2002-02-01,0.0,1.8859162108224203e-17,0.0,1.2787629942305378e-17,0.7311812993144752,3.514397120603223e-18,1.842548123923e-17,5.5230840748161786e-17,0.0,0.26881870068552466
2002-03-01,0.0,0.0,2.8479274154752295e-17,0.06669322883945572,0.49202839422834854,0.0,5.458904852027012e-17,0.18201977679455603,0.0,0.25925860013763985
2002-04-01,0.0,1.5540809141592986e-17,0.0,0.1882298899588477,0.5585887464149191,0.0,1.0603405151262169e-17,0.10241274985822826,2.263804926585127e-17,0.15076861376800507
2002-05-01,2.5359489878995538e-17,0.0,0.0,2.2345955223472018e-17,0.44336598705294633,0.0,4.3574086376752016e-17,0.08680715839639844,0.0,0.4698268545506553
2002-06-01,0.0,0.0,6.668640608051864e-17,0.0,0.4227533289535658,0.0,6.182132389510565e-17,0.03899045171480958,0.0,0.5382562193316245
2002-07-01,1.998440756944426e-16,0.0,8.794464546358965e-17,0.07372207169010804,0.36965671888905244,0.0,0.0,0.041704153941771585,0.0,0.5149170554790679
2002-08-01,9.290858267207763e-18,0.0,3.477382609700301e-17,0.0,0.31531099428484843,0.0,5.3309466470119237e-17,0.11827241953207979,0.0,0.566416586183072
2002-09-01,0.0,0.0,0.0,0.0,0.30037974681252827,1.2865080763181297e-16,0.0,0.10425829756291924,2.2232587533456055e-16,0.595361955624553
2002-10-01,0.0,6.413041991113093e-17,0.0,7.889589824766789e-17,0.15150960684238968,0.0,1.0875554323405357e-16,0.651437952611128,0.0,0.19705244054648233
2002-11-01,0.0,1.0065150278427406e-16,3.295691400104646e-17,3.0567357533296486e-17,0.34063294371858516,5.554869240887707e-17,1.2591859448122815e-16,0.5640434292784513,4.5140351553016225e-17,0.09532362700296332
2002-12-01,2.843648429297596e-17,0.0,0.0,0.030037370188566448,0.4727918741815519,2.4939473361498072e-17,0.0,0.4971707556298816,3.9911435467802995e-17,8.47088938835264e-17
2003-01-01,0.0,0.0,3.2739368941330157e-18,0.1259910763390742,0.32824048796709504,0.0,2.268374381579955e-17,0.545768435693831,5.156520787241378e-17,0.0
2003-02-01,6.46993563386596e-17,3.870660913247441e-17,0.0,2.2014536473127471e-16,0.1991935310136275,0.0,0.0,0.8008064689863722,0.0,8.647722999615939e-17
2003-03-01,0.0,3.4797196812210154e-19,8.167123158375406e-17,1.3605054169618862e-16,0.12902635072172156,0.0,0.0,0.8709736492782785,0.0,0.0
2003-04-01,3.1182523408161997e-16,0.0,0.0,0.0,0.05751048830795227,1.2701913481775585e-16,8.301751752492723e-18,0.9424895116920482,0.0,1.416935789066719e-16
2003-05-01,9.367444725754799e-17,9.708362407808261e-17,0.0,1.708961556061231e-16,0.16979018524565095,0.0,0.0,0.8302098147543492,3.4632029356848413e-18,0.0
2003-06-01,0.0,0.0,5.307055415712646e-17,0.0,0.17759346781043314,1.805920706253598e-18,1.8704526868082014e-16,0.8224065321895664,3.049676145897884e-17,2.297589099496904e-16
2003-07-01,0.0,9.720762331783497e-17,8.962088570826895e-18,0.0,0.10454418221186228,0.0,2.096674661627095e-16,0.8954558177881377,9.972528310690788e-17,0.0
2003-08-01,0.0,1.012262798301286e-16,0.0,0.0,0.13759594394844946,1.886492905662493e-16,0.0,0.8624040560515507,1.639600420889591e-16,0.0
2003-09-01,1.9012142326123974e-16,1.7818225277905137e-18,0.0,1.6362837554225805e-17,0.20299761777211398,1.7092857755478568e-17,0.0,0.7970023822278856,1.7086703361633037e-16,1.4683195991159273e-16
2003-10-01,4.571602075665351e-17,0.0,0.0,0.0,0.18447270893273301,1.175760242545757e-16,3.040055876921909e-17,0.815527291067267,1.2878596058082034e-16,2.3065383494163636e-17
2003-11-01,8.026495738119467e-17,0.0,1.2516428609191963e-16,3.116380340188265e-16,0.31586912376250775,0.0,1.5184231826289737e-16,0.6841308762374921,0.0,0.0
2003-12-01,9.330812027234141e-17,0.0,6.657577517400143e-17,1.893227408146813e-17,0.33034369820061904,5.812480302163673e-17,0.0,0.669656301799381,4.214395884838584e-17,0.0
2004-01-01,0.0,0.0,0.0,0.0,0.2845265901547179,0.0,2.4789362261612443e-16,0.7154734098452823,9.962857575051314e-18,3.8444714414471436e-17
2004-02-01,1.421385028800326e-16,4.114862609646154e-17,6.926339956899034e-16,0.0,0.26773981863464036,2.1199347508734612e-17,1.172531799721011e-17,0.7322601813653595,5.88218743210239e-17,0.0
2004-03-01,3.634201693903576e-17,0.0,1.137803858314328e-17,1.517575481432178e-17,0.1371380011538112,1.4111038114995897e-16,2.3271702268476525e-18,0.862861998846189,0.0,0.0
2004-04-01,1.7834122225248654e-16,0.0,1.1321596276845553e-16,0.0,0.11747896253739491,7.154426973915448e-17,1.0533922477148219e-16,0.8825210374626054,0.0,0.0
2004-05-01,0.0,0.0,4.012845168695408e-17,2.7461263757781724e-16,0.06551589207501157,0.0,0.0,0.9344841079249884,0.0,6.4742463735141e-17
2004-06-01,0.0,1.0093671237609629e-16,1.4142957417225966e-16,0.0,0.15094725339124987,2.142587976058374e-16,0.0,0.8490527466087501,0.0,0.0
2004-07-01,9.975702417458412e-17,2.018910546392134e-16,0.0,0.0,0.20841256949236597,0.0,1.5210898678635783e-16,0.7915874305076344,3.487676582703278e-17,3.882814032445124e-17
2004-08-01,0.0,0.0,0.0,0.04934978206039062,0.13872180850268284,5.804563634829634e-17,5.896734692466477e-18,0.8119284094369266,0.0,2.8632685434543017e-16
2004-09-01,2.707116981939747e-18,0.0,8.63639085154982e-18,0.25469054694938137,0.05525645384141496,1.4546164553426304e-17,3.517251837979255e-17,0.6900529992092036,8.400610197250869e-17,0.0
2004-10-01,0.0,6.831951700426834e-17,0.0,0.5955155349038994,0.08225594685610509,7.347574555485922e-17,1.1245532725589832e-16,0.32222851823999527,4.356556512093451e-17,3.107004902217674e-16
2004-11-01,1.4007343022754535e-16,0.0,9.105551940528469e-17,0.5063860810611428,0.11557312210784583,0.0,0.0,0.37804079683101127,3.552163233972076e-17,4.160151909683985e-17
2004-12-01,0.0,0.0,0.0,0.7210626305564999,0.14006717956991926,5.317862567108194e-17,1.5706022607719288e-18,0.0006955918457229159,0.0,0.13817459802785811
2005-01-01,2.3445333822618895e-16,4.14410208095957e-17,0.0,0.5403957264190381,0.10060659446124613,2.9603371376582078e-16,3.9194292119279506e-17,0.15056022980425107,8.99709264895836e-17,0.20843744931546426
2005-02-01,0.0,0.0,4.3234403107846446e-17,0.8821781154225083,0.11782188457749168,8.983863478317975e-18,0.0,6.8605659775804744e-18,0.0,7.280623942375705e-17
2005-03-01,0.0,4.485681410158257e-17,7.329185404009343e-18,1.0,7.158028746337668e-17,0.0,2.4203053050793047e-17,0.0,3.662414017960499e-17,3.435088594902535e-17
2005-04-01,0.0,0.0,9.502161057370767e-18,0.9999999999999999,7.78190232765913e-17,0.0,2.2632098254550783e-17,2.7755575615628914e-16,5.770734928927863e-18,0.0
2005-05-01,5.933999941386747e-18,1.3183634467778817e-17,4.3451026313494276e-17,0.9096280012919035,0.0,2.804713037561384e-17,0.0,0.09037199870809666,0.0,6.772331845887377e-17
2005-06-01,1.0721003397151043e-17,0.0,4.902762730253225e-17,0.8696499767239597,0.0,0.0,2.779954364630136e-17,0.13035002327604053,3.4550543795099378e-18,4.38698542736155e-17
2005-07-01,2.5509757534993128e-17,1.8650562356374917e-17,8.62616941796254e-17,0.9999999999999999,2.041063069657194e-17,0.0,3.870346485519543e-17,6.245004513516506e-17,0.0,1.9420419218623956e-17
2005-08-01,0.0,1.3620540587813147e-17,0.0,1.0,0.0,6.811782164308724e-17,0.0,0.0,9.007867401662485e-19,1.0657429815820552e-16
2005-09-01,0.0,5.546517989140509e-17,1.075547148805686e-16,0.9999999999999999,0.0,2.0870348935948942e-16,0.0,0.0,0.0,8.942700520693859e-17
2005-10-01,0.0,0.0,0.0,1.0,0.0,0.0,0.0,0.0,0.0,8.105683779318803e-17
2005-11-01,0.0,9.83138126673118e-17,0.0,1.0,4.106793796007716e-17,0.0,0.0,3.48046880279387e-17,6.082554016759081e-17,0.0
2005-12-01,0.0,0.0,0.0,1.0,2.971316003574101e-18,0.0,0.0,1.988486989434798e-17,9.151268386741483e-18,0.0
2006-01-01,1.3807105879219415e-16,0.0,0.0,1.0,2.5529701574082867e-16,0.0,0.0,8.588229527028504e-17,1.2317503830577321e-16,5.076733193525836e-17
2006-02-01,0.0,1.6138910418918888e-16,1.8301332671555315e-16,1.0,0.0,1.3587678878606205e-16,0.0,0.0,0.0,0.0
2006-03-01,6.95883965304894e-19,0.0,4.85722573273506e-17,1.0,3.4858214687677785e-17,6.569207690287925e-17,0.0,5.1406078886278264e-17,0.0,0.0
2006-04-01,0.0,2.7711922393319853e-17,2.883977778811442e-17,1.0,0.0,1.773943846507911e-17,0.0,1.5306862214992675e-17,0.0,3.893046157484122e-18
2006-05-01,0.0,4.097378778071089e-17,1.465841337200402e-16,1.0,0.0,3.762021814066921e-17,0.0,5.9136750179440136e-18,0.0,0.0
2006-06-01,6.866749301086912e-17,0.0,0.0,1.0,4.5848976672291375e-17,0.0,8.880547813388632e-17,4.0509822295701344e-17,0.0,1.5863319896204008e-16
2006-07-01,5.121634297937393e-18,5.54723327033917e-17,1.6653345369377348e-16,0.9999999999999999,1.966390623892536e-17,0.0,0.0,0.0,4.1492398597987117e-17,6.209325225860259e-18
2006-08-01,4.4464870682980115e-17,0.0,0.0,1.0,2.894419159405751e-17,0.0,2.3484168283030203e-18,8.106397066959261e-18,0.0,0.0
2006-09-01,0.0,4.015954353026073e-18,0.0,1.0,0.0,1.1512899284348459e-17,0.0,0.0,0.0,0.0
2006-10-01,0.0,1.5305334347643948e-17,0.0,1.0,0.0,2.6844110309412708e-17,1.1622005247439501e-16,1.5114887047077542e-18,0.0,0.0
2006-11-01,3.184644659951129e-17,0.0,1.262549414505432e-16,1.0,2.5827354876900423e-17,0.0,0.0,3.9367493955173083e-17,0.0,4.001224413718432e-18
2006-12-01,1.2417079343913277e-17,0.0,1.2192518666397056e-16,1.0,9.909393735921312e-18,0.0,1.0593006118056536e-17,4.5142655651291003e-17,0.0,7.249996057697594e-17
2007-01-01,4.3310815468456164e-17,0.0,5.910506112494071e-17,0.9999999999999999,6.5998739826047945e-18,0.0,2.2922701157991346e-17,0.0,9.71445146547012e-17,0.0
2007-02-01,0.0,0.0,3.2311450679609986e-17,1.0,0.0,7.80259054761248e-18,0.0,3.213300449481903e-17,0.0,1.444290983525914e-16
2007-03-01,4.284412275854649e-18,6.71671778653144e-17,0.0,1.0,0.0,6.456806476719152e-17,0.0,1.446895022914648e-16,0.0,9.144094430157834e-18
2007-04-01,7.514201929220636e-18,2.816014242151864e-17,0.0,0.9999999999999999,0.0,2.6535239784228743e-17,0.0,1.1989920210454866e-17,2.7755575615628914e-16,0.0
2007-05-01,3.320786530108045e-17,1.8426087674929394e-17,0.0,0.9999999999999998,4.683535261910815e-17,0.0,0.0,0.0,1.8041124150158794e-16,1.769659980301387e-16
2007-06-01,8.47198827588443e-18,0.0,0.0,1.0,2.4896443971705722e-17,0.0,0.0,1.0686468870561053e-16,0.0,0.0
2007-07-01,0.0,0.0,1.5759692750343103e-17,0.9999999999999998,0.0,5.2593989756316224e-17,1.9428425432409076e-16,2.016710488904463e-17,0.0,4.1126565718929906e-17
2007-08-01,7.621335575334063e-18,7.483714485821081e-19,0.0,1.0,0.0,1.598928507941348e-17,1.6451439733654357e-17,0.0,0.0,0.0
2007-09-01,0.0,0.0,0.0,1.0,1.9905639149771946e-17,0.0,0.0,4.6490444007204615e-17,7.632783294297951e-17,3.940316770645829e-17
2007-10-01,1.0981005406287859e-16,0.0,0.0,1.0,2.180640662887292e-17,0.0,8.968155189415945e-17,0.0,0.0,3.4358664165530336e-18
2007-11-01,0.0,3.014486472697472e-17,1.460991500764992e-16,1.0,0.0,1.739074681555652e-17,1.293044928198697e-17,0.0,0.0,0.0
2007-12-01,0.0,0.0,3.4046848557703106e-17,1.0,0.0,0.0,1.8673333981301876e-16,1.5794953566670576e-16,0.0,0.0
2008-01-01,0.0,0.0,8.375237875528964e-16,1.0,0.0,3.8846150028001446e-17,3.4505196427078745e-17,4.3716548929745634e-17,0.0,5.2521162529359173e-17
2008-02-01,2.695312204977685e-16,0.0,0.0,0.9999999999999999,7.27390816386908e-17,2.981501098709381e-17,7.590844557582408e-17,2.420733774006479e-16,0.0,2.0306686299321244e-18
2008-03-01,5.726177067708752e-17,0.0,1.4271590986272359e-16,1.0,3.890231849640988e-18,0.0,0.0,1.3697110311647507e-17,6.938893903907228e-17,0.0
2008-04-01,1.2986571714956453e-16,3.8215774343590916e-17,3.41321714731841e-16,1.0,0.0,9.269786187734962e-17,5.132238224349099e-17,0.0,0.0,7.081481619386989e-17
2008-05-01,0.0,7.434971887451984e-17,0.0,0.9999999999999999,0.0,8.367589418406599e-17,0.0,0.0,1.3877787807814457e-16,1.2569031238320694e-17
2008-06-01,0.0,0.0,0.0,1.0,0.0,2.4278989474129044e-17,6.207824281842588e-17,5.870699838696251e-17,6.938893903907228e-17,5.1647292332197606e-18
2008-07-01,0.0,5.092477350000147e-17,0.0,1.0,0.0,6.86231766453338e-17,1.441329370773241e-18,0.0,2.498001805406602e-16,0.0
2008-08-01,1.0767563072004194e-16,0.0,6.999121718300587e-17,1.0,0.0,0.0,3.269176171780788e-17,0.0,1.1102230246251565e-16,0.0
2008-09-01,0.0,4.181411493952567e-17,0.0,0.9999999999999998,7.712172965360015e-18,4.866438493189517e-17,2.7561057225547528e-17,1.6432990890584023e-17,2.0640972793831447e-16,4.286933877683609e-17
2008-10-01,0.0,1.0109810067391622e-16,1.1102230246251565e-16,1.0,5.417226600183584e-17,1.3180250693072953e-16,0.0,1.2885892736601137e-16,0.0,8.899565239413477e-17
2008-11-01,7.451688002065941e-17,0.0,1.3284195385743403e-16,0.9999999999999999,3.48789833553502e-19,0.0,2.48528709517953e-17,0.0,3.400058012914542e-16,0.0
2008-12-01,7.1342606993188e-17,0.0,1.5167797354408379e-16,0.9999999999999996,0.0,0.0,4.083455995220751e-17,0.0,7.771561172376096e-16,0.0
2009-01-01,0.0,1.222837100271782e-16,3.208621446246807e-16,1.0,1.0947389774259787e-16,1.4728773279430955e-16,1.1989486469948992e-16,1.6863478397903522e-17,0.0,1.3701933154329533e-16
2009-02-01,0.0,8.727389364398067e-17,1.0251159941470684e-16,1.0,0.0,1.1246751688267383e-20,1.4545114457482455e-16,1.2390484610439777e-16,0.0,4.7970974531060565e-17
2009-03-01,0.0,0.0,0.0,1.0,7.532161025265862e-17,0.0,0.0,1.9852141699795466e-16,0.0,7.937442607375701e-17
2009-04-01,0.0,0.0,1.698442170544112e-16,0.9999999999999996,6.968707277238034e-17,1.2219437095320982e-17,2.5714786258506173e-16,1.6446619130496843e-16,1.6653345369377348e-16,0.0
2009-05-01,7.805077465190188e-17,0.0,0.0,1.0,6.620360754087184e-17,0.0,0.0,0.0,3.608224830031759e-16,1.7618378792175733e-17
2009-06-01,0.0,5.765355672710289e-17,0.0,1.0,1.1415668476987739e-16,0.0,0.0,0.0,1.5265566588595902e-16,7.138017419103529e-17
2009-07-01,0.0,8.930023242285559e-17,0.0,1.0,8.701301075157267e-17,0.0,0.0,0.0,3.0531133177191805e-16,0.0
2009-08-01,0.0,1.5250559759425536e-16,0.0,1.0,0.0,2.0784999195852806e-16,8.168407034902459e-18,0.0,9.575673587391975e-16,0.0
2009-09-01,1.1569112296359004e-16,1.2346894000822709e-16,0.0,0.9999999999999999,4.804474569586881e-17,0.0,0.0,2.3434053157936363e-17,2.7755575615628914e-17,0.0
2009-10-01,0.0,0.0,4.132242802314872e-16,1.0,0.0,0.0,1.2991534639975992e-16,6.109168812422842e-17,0.0,0.0
2009-11-01,0.0,0.0,5.177190569254237e-17,0.9999999999999998,0.0,0.0,7.143512447089958e-17,0.0,9.402201239794294e-16,0.0
2009-12-01,4.123991377802764e-16,2.1543023577807783e-16,0.0,0.9999999999999999,4.03704721921271e-17,7.368282762568263e-17,0.0,0.0,0.0,4.225181690906563e-17
2010-01-01,2.308202923833708e-16,0.0,5.3621501718349577e-17,0.9999999999999998,0.0,0.0,6.005576479038053e-17,1.6308335428825773e-16,0.0,4.588441627664177e-18
2010-02-01,2.0122792321330962e-16,7.313222191505911e-17,0.0,1.0,1.1344182051369184e-16,1.1429178718588047e-16,0.0,0.0,0.0,0.0
2010-03-01,2.914335439641036e-16,0.0,0.0,1.0,2.4648254024170964e-16,2.412576426422406e-16,4.265865499555335e-17,4.046208432253513e-17,0.0,0.0
2010-04-01,9.71445146547012e-17,4.175613069236085e-17,0.0,1.0,1.473068731395191e-16,1.5026751242582686e-16,4.812723740305661e-17,6.431703852472956e-17,0.0,3.465215548774369e-17
2010-05-01,1.0824674490095276e-15,0.0,0.0,1.0,0.0,0.0,0.0,0.0,0.0,0.0
2010-06-01,0.02927528660596096,0.0,3.034407143516011e-16,0.9707247133940384,5.50270651109366e-17,0.0,1.0425057184384292e-16,0.0,1.443686350052593e-16,3.840235610409729e-17
2010-07-01,1.4863096446994207e-15,0.0,1.3985350666452976e-17,1.0,0.0,0.0,0.0,0.0,0.0,0.0
2010-08-01,0.0,0.0,2.5529436821714857e-16,1.0,6.8096728339010725e-18,3.2104396740416056e-17,0.0,0.0,0.0,7.840905266165785e-17
2010-09-01,0.1985404475953631,3.735853810118872e-17,7.871981589635076e-17,0.8014595524046371,0.0,0.0,0.0,0.0,1.198644854603251e-16,0.0
2010-10-01,0.1372235301292701,1.6229314295625345e-16,0.0,0.8627764698707296,0.0,1.834209840748924e-17,3.0729762690529523e-16,0.0,2.310047829585548e-16,0.0
2010-11-01,8.326672684688674e-17,0.0,1.216229996513026e-16,1.0,7.265491202375451e-17,6.638361641629169e-17,0.0,0.0,0.0,5.611598476723384e-17
2010-12-01,0.0,0.0,4.718447854656915e-16,0.9999999999999999,3.293204492395166e-17,0.0,1.1372570389723626e-16,0.0,1.1184446021950113e-16,3.802319210082623e-17
2011-01-01,0.0,1.1624530998374458e-16,5.551115123125783e-17,1.0,0.0,0.0,2.664982261489518e-17,0.0,8.57076345361451e-17,0.0
2011-02-01,0.0,0.0,0.0,1.0,1.1529065233012573e-16,1.548387524893359e-16,0.0,6.665209555713095e-18,0.0,7.654439209559633e-17
2011-03-01,0.0,0.0,4.579669976578771e-16,0.9999999999999998,0.0,0.0,6.868559191083563e-17,0.0,7.502375749016893e-17,0.0
2011-04-01,1.7913047586436998e-16,1.2649557719823505e-17,3.885780586188048e-16,0.9999999999999999,0.0,0.0,0.0,0.0,1.2797042021762415e-17,0.0
2011-05-01,2.757677862789237e-16,6.054449570207942e-18,0.0,1.0,0.0,0.0,2.045926588857124e-17,6.4319779854932825e-18,0.0,1.8862049608791571e-16
2011-06-01,2.927345865710862e-17,8.130197240614847e-17,7.841658634766889e-18,0.9999999999999999,2.786919236455539e-17,3.2929546871842135e-17,3.9480553101885815e-18,0.0,2.3012569711397626e-17,0.0
2011-07-01,7.801400281194413e-17,6.991094197991824e-17,0.0,1.0,2.434511072874455e-17,0.0,0.0,6.714086008529616e-17,0.0,9.915285205390803e-17
2011-08-01,9.367506770274758e-17,4.2471334802748384e-17,6.306699263622322e-17,0.9999999999999998,1.8699658508692232e-17,4.712321724371535e-17,0.0,0.0,5.1929252893582476e-17,0.0
2011-09-01,4.735795089416683e-16,0.0,2.1801899774321126e-17,0.9999999999999998,0.0,2.0753844972765187e-17,0.0,0.0,0.0,1.97975484970461e-18
2011-10-01,9.443042882305658e-17,5.087437513478676e-17,4.336808689942018e-19,0.9999999999999999,0.0,0.0,6.512471762443481e-17,0.0,1.1202826941771407e-16,0.0
2011-11-01,0.0,9.247326116151207e-17,2.0122792321330962e-16,1.0,5.7670215585674415e-18,0.0,0.0,2.7971972996578225e-17,0.0,1.842065689642247e-17
2011-12-01,6.418476861114186e-17,4.2782581282856124e-17,0.0,1.0,0.0,0.0,0.0,2.0387555360035516e-17,1.3599663611772307e-16,0.0
2012-01-01,0.0,2.981021610603275e-17,2.6844563291882805e-16,1.0,0.0,3.2159206736788033e-16,3.169406139127968e-16,0.0,0.0,0.0
2012-02-01,1.700953307147933e-16,0.0,5.342948306008566e-16,0.9999999999999996,1.2600820042469237e-17,0.0,0.0,1.6246891184446655e-17,2.1147274849652192e-17,3.5937075166275e-17
2012-03-01,0.0,4.138743591918862e-17,0.0,1.0,3.2201949811294326e-17,3.9629731831951116e-17,0.0,6.419653683103794e-17,0.0,2.2849306467004412e-17
2012-04-01,0.0,0.0,1.9640534736476318e-16,1.0,0.0,2.5167263427442243e-17,0.0,4.362971463440992e-17,4.511884275710405e-16,1.1182658918961848e-16
2012-05-01,1.0720591081536668e-15,2.472401118275221e-17,0.0,1.0,0.0,6.614627422904162e-17,0.0,8.375355691949328e-17,0.0,0.0
2012-06-01,0.0,2.5121986690566325e-17,3.091708324292317e-16,1.0,0.0,1.3774275737425544e-16,0.0,1.9282622680513804e-16,6.106226635438361e-16,0.0
2012-07-01,0.0,1.6540359073763e-16,1.7752602638019845e-17,0.9999999999999999,5.444812914073816e-17,0.0,0.0,4.218998240641694e-17,4.163336342344337e-17,8.394920542935601e-17
2012-08-01,9.030695112560582e-17,1.0017669095256602e-16,8.714422026535956e-17,0.9999999999999997,2.1704971670442268e-16,0.0,0.0,6.803085852245269e-17,0.0,5.823485534715905e-17
2012-09-01,0.0,1.532190526464608e-16,0.0,0.9999999999999999,0.0,0.0,0.0,1.6280204489548072e-16,2.220446049250313e-16,2.774526702863634e-16
2012-10-01,6.674964571753843e-17,0.0,7.502452461530992e-18,1.0,0.0,0.0,1.170835314389547e-16,0.0,1.5439038936193583e-16,0.0
2012-11-01,0.0,1.0480737078549844e-17,6.200190126310225e-17,1.0,6.877901389185422e-17,0.0,3.2022899423944536e-16,0.0,0.0,0.0
2012-12-01,1.4601014407259168e-15,4.705128766485669e-16,0.0,0.9999999999999998,0.0,1.743745979099079e-17,0.0,0.0,1.1102230246251565e-16,1.6556047161131928e-16
2013-01-01,0.0,0.0,0.0,1.0,2.723224478815138e-16,4.241912518126415e-17,0.0,0.0,1.6930901125533637e-15,7.021666937153402e-17
2013-02-01,9.475425824322479e-17,1.3649659657497783e-16,1.3618127126196465e-17,1.0,0.0,0.0,0.0,6.281405472706762e-17,0.0,5.825671456393936e-17
2013-03-01,4.092796167185946e-17,7.86945466014876e-17,0.0,1.0,0.0,0.0,2.4257291805520823e-16,1.7365264971464523e-17,3.0531133177191805e-16,1.567509718195974e-16
2013-04-01,6.16132058652087e-16,5.256519148239957e-16,1.8193067049083037e-16,0.9983151911399472,0.0,0.0,0.0,1.1035143051373507e-16,0.0016848088600521088,0.0
2013-05-01,2.9255452526059902e-15,1.0771039710342512e-16,0.0,1.0,0.0,0.0,0.0,0.0,0.0,7.62485624151846e-17
2013-06-01,0.0,5.268497709974931e-17,0.0,1.0,0.0,2.843011057750689e-17,7.244950922829591e-17,0.0,0.0,1.3433834693109578e-16
2013-07-01,0.0,0.0,1.8046167334314654e-16,1.0,0.0,0.0,0.0,7.307206755318174e-18,3.3285857667545424e-16,1.9269991329874334e-17
2013-08-01,0.0,2.7952991146525287e-16,0.0,1.0,0.0,1.0690599854605208e-16,0.0,1.507383555706894e-16,0.0,1.6726747521120564e-16
2013-09-01,0.0,7.734841643654585e-17,2.0836907783622156e-16,1.0,0.0,1.1101170255575647e-16,3.542544881731292e-17,3.459303150120983e-17,0.0,7.193460257981054e-17
2013-10-01,0.0,1.0377402160993646e-16,7.511352650979575e-16,1.0,1.3296426416932726e-16,0.0,0.0,1.3810442714517723e-16,0.0,1.463937059866535e-17
2013-11-01,4.149832693167484e-16,0.0,1.630359237045967e-16,1.0,0.0,6.001955917187864e-17,0.0,1.3317929530181836e-17,0.0,0.0
2013-12-01,3.407840218598456e-17,0.0,0.0,1.0,0.0,7.146487809171409e-17,5.710751756022423e-17,3.1193353596831434e-17,5.4414061667568096e-17,0.0
2014-01-01,0.0,0.0,0.0,1.0,0.0,6.48111378884573e-17,1.7306310499201473e-16,0.0,1.4836831272949284e-16,9.756622129139818e-17
2014-02-01,1.3504464652795996e-15,0.0,5.1324221540460976e-17,1.0,1.2939214639862788e-16,2.263928506176642e-17,0.0,0.0,0.0,0.0
2014-03-01,0.0,0.0,0.0,1.0,1.2413611498438392e-16,9.733703974840382e-17,2.5871732836431566e-17,5.815998978126203e-17,8.075137780672037e-16,0.0
2014-04-01,2.306609806825897e-17,0.0,0.0,1.0,4.832808804350516e-17,1.4559543920165813e-17,0.0,2.1462254926859105e-17,1.7694179454963432e-16,1.107614826807133e-16
2014-05-01,3.247435112381713e-16,0.0,0.0,1.0,0.0,0.0,0.0,6.652989095424217e-17,8.326672684688674e-17,6.112722298332697e-17
2014-06-01,8.877675505100373e-16,0.0,1.7176308237210525e-16,1.0,0.0,0.0,9.554251014738462e-17,0.0,0.0,0.0
2014-07-01,0.0,0.0,1.613443279120387e-16,0.9369408090569104,9.217462507966558e-17,0.0,3.5779145657645964e-18,1.7439933877189385e-16,0.06305919094308998,0.0
2014-08-01,0.11747035067222017,0.0,0.0,0.8825296493277801,0.0,2.2008363330002083e-17,3.0099864991278925e-17,3.7810349680564153e-17,1.8648863965402767e-16,0.0
2014-09-01,0.15799731595897618,0.0,0.0,0.8420026840410237,0.0,0.0,0.0,0.0,2.220446049250313e-16,5.880021334432443e-17
2014-10-01,0.7514690073461708,0.0,8.051639613603474e-17,0.2485309926538296,2.2162953544320263e-17,7.942562021170314e-17,0.0,2.2087956952672037e-16,0.0,0.0
2014-11-01,0.8293024510668672,6.262610844987119e-17,0.0,0.09742947838258001,1.0043960574083432e-16,0.0,0.0,0.07326807055055282,7.298005179669118e-17,1.8201187676598675e-16
2014-12-01,0.7065194638535055,0.0,1.4011855805056778e-16,0.0,0.0,8.74573037409592e-17,2.2166121182362907e-18,0.2934805361464945,0.0,6.149275189080343e-17
2015-01-01,0.6020470447971077,1.4465895473021116e-16,0.0,3.8769433716430514e-17,0.0,0.0,0.0,0.3979529552028935,0.0,0.0
2015-02-01,0.0,3.962689352682161e-17,9.40596455925815e-16,0.0,0.0,0.0,8.749544666480785e-16,0.9999999999999998,1.156826246152411e-15,1.7963410299127972e-16
2015-03-01,0.07930060862499294,0.0,0.0,2.646824810997867e-17,0.0,6.136006462383206e-17,8.769795214423221e-17,0.920699391375007,0.0,6.918624745209914e-17
2015-04-01,6.29704621779581e-16,5.59750422394413e-17,0.0,0.0,0.0,0.0,0.0,0.9999999999999999,0.0,2.0809314650139717e-16
2015-05-01,0.3273363773453911,1.1119901396583626e-16,0.0,0.0,0.0,1.4526512895568388e-16,0.49246567444299894,0.18019794821161,0.0,2.0720923935348077e-16
2015-06-01,0.0899548638876489,3.321639737990476e-17,1.4523456503055777e-16,9.029920909596571e-17,1.0817024892969711e-16,0.0,0.0,0.9100451361123509,0.0,1.7089022689806463e-16
2015-07-01,8.604228440844963e-16,3.677361133448039e-16,0.0,0.0,0.0,0.0,0.0,1.0,0.0,0.0
2015-08-01,0.30854337943288934,0.0,0.0,2.0286194352535554e-16,0.0,0.0,0.0,0.691456620567114,0.0,2.5366115647307794e-17
2015-09-01,0.873541075960171,4.59288973576848e-17,0.0,6.849374615944835e-18,0.0,3.818350186746413e-17,0.0,0.12645892403982922,1.1716983465931015e-16,1.412457365412825e-16
2015-10-01,0.9999999999999997,1.4371774289525514e-16,1.1108589359994748e-17,0.0,7.717338170921721e-17,0.0,1.0685896612017132e-15,0.0,0.0,0.0
2015-11-01,0.9999999999999998,1.5304729334318306e-16,2.4274482965847627e-16,1.5239257488020164e-16,0.0,0.0,0.0,0.0,1.6995960525729505e-16,2.658280448287285e-16
2015-12-01,0.9740584412047268,0.0,2.874344287994003e-17,0.0,1.567399399193709e-17,3.43364597195917e-16,0.0,0.02594155879527338,1.1467127603228015e-16,0.0
2016-01-01,0.9999999999999992,7.472320202568259e-17,1.3443028780685264e-16,5.8129374489051636e-18,1.0398240580031519e-16,2.312664579977995e-16,8.175064850140877e-16,0.0,5.859842549105818e-17,0.0
2016-02-01,1.0,0.0,0.0,4.060252784012446e-16,9.890706322672425e-17,6.617388568191241e-16,0.0,9.958835615313686e-17,0.0,0.0
2016-03-01,1.0,0.0,3.18987559296629e-17,2.950645610759888e-16,0.0,0.0,0.0,0.0,3.115089398290604e-17,2.2106054128294043e-16
2016-04-01,0.9999999999999991,4.677719370189103e-17,9.889555099134325e-17,0.0,0.0,0.0,2.909707311797382e-17,7.637120102987893e-16,0.0,9.847376308508084e-17
2016-05-01,0.9999999999999993,0.0,0.0,0.0,0.0,0.0,0.0,1.734723475976807e-15,0.0,1.645599689009377e-16
2016-06-01,0.9999999999999997,0.0,3.690077994002443e-17,0.0,0.0,0.0,0.0,1.0824674490095276e-15,2.1999624353849772e-16,6.727930724196481e-17
2016-07-01,1.0,2.9167850983353754e-17,1.9955043891374117e-17,1.1447208958461218e-16,0.0,0.0,0.0,0.0,0.0,2.3376867681527553e-16
2016-08-01,0.9999999999999997,6.831811742714911e-17,2.303529771943815e-16,0.0,0.0,3.330486200213566e-16,0.0,4.0245584642661925e-16,1.76961888014167e-16,5.694061919170327e-18
2016-09-01,1.0,4.342617974186295e-18,1.3969498133329168e-16,8.023063871762264e-17,0.0,0.0,2.636779683484747e-16,0.0,2.46179308933569e-16,1.6388749283665358e-16
2016-10-01,0.9999999999999994,0.0,1.2448312653740208e-17,0.0,7.05489338822409e-16,1.5237283408865787e-16,5.601538209912816e-16,0.0,3.8811623496425136e-17,0.0
2016-11-01,1.0,0.0,3.429818846919127e-16,0.0,0.0,4.811012623406607e-16,3.314192089870876e-17,4.7488055154865094e-17,4.226624415727995e-16,0.0
2016-12-01,1.0,0.0,2.4711967887037595e-17,0.0,2.5572353844426675e-16,1.455625372423545e-16,0.0,0.0,0.0,1.5177262465942693e-16
2017-01-01,1.0,6.986482068390335e-17,4.2846387919090336e-17,1.5616720311366167e-16,0.0,0.0,0.0,1.1102230246251565e-16,0.0,4.517228162302599e-16
2017-02-01,0.9999999999999999,4.775937392268609e-19,0.0,2.36299828318633e-16,9.71445146547012e-17,0.0,3.510437464249306e-16,0.0,2.4765233117675203e-17,7.913641215009625e-17
2017-03-01,0.8506782844468378,3.0907989673269835e-17,1.1111763336019447e-16,1.0751768449010971e-16,0.03941493604531124,0.0,0.0,0.10990677950785059,0.0,1.2496352538534294e-16
2017-04-01,0.5583667757905548,0.0,4.729586273991675e-16,0.0,0.19875678640178182,1.3931873605125315e-16,0.0,0.24287643780766316,1.0310558454531639e-17,9.118555102675618e-17
2017-05-01,0.6851254884385123,3.420950908273697e-17,0.0,1.221875474373028e-16,0.3148745115614873,0.0,0.0,1.3448066990275052e-15,2.437697945701748e-16,5.588010581409784e-17
2017-06-01,0.6947185869497947,2.255103874566804e-16,0.0,1.3861616603099308e-16,0.30528141305020445,0.0,8.237291926383167e-17,2.7639234042897986e-16,9.29174729190112e-17,0.0
2017-07-01,0.2536465900173695,1.664958050315094e-16,0.0,0.0,1.1453901023213852e-15,7.315983163832337e-17,5.951982957848799e-16,0.7463534099826288,0.0,2.3859497659938053e-17
2017-08-01,0.19676500096532606,0.0,2.1197812743621775e-16,0.0,5.767497247790226e-16,3.2513991852684437e-16,2.1430717869760405e-16,0.8032349990346722,2.2796188141896283e-16,3.11802618460751e-16
2017-09-01,1.0408340855860843e-16,0.0,2.4950346650130493e-16,0.0,0.042861461969027966,5.064096649049565e-17,2.4401053966227947e-16,0.9571385380309714,1.579149949605471e-16,6.898967055489978e-17
2017-10-01,2.7732645910160424e-16,0.0,7.409241800632308e-17,0.0,0.0,0.0,4.891920202254596e-16,1.0,0.0,0.0
2017-11-01,0.0,4.093843875116763e-17,1.426286264187306e-16,6.284220475507762e-17,0.019639787545393916,0.0,0.22627100969085592,0.7540892027637498,0.0,2.5985527443073116e-16
2017-12-01,0.0,0.0,0.0,0.0,0.0,0.0,0.974159261980355,0.02584073801964605,0.0,5.973174016311006e-17
2018-01-01,5.033684114942761e-16,0.0,0.0,0.0,1.0489796567187812e-15,1.033527272103987e-16,0.9999999999999999,0.0,0.0,0.0
2018-02-01,0.0,1.0980623344898407e-16,2.619834757896926e-16,1.7233260619019466e-16,0.3212058103923008,0.0,0.6787941896076994,0.0,3.5904626239306987e-16,2.5162199947887205e-16
2018-03-01,3.922342493111405e-17,5.776646211098075e-16,1.0417176683150234e-15,0.0,0.6810919830445507,0.0,0.3189080169554466,1.2484724203431063e-15,3.6959188249567964e-17,1.2554098085234447e-16
2018-04-01,0.0,1.5797792748793692e-16,0.0,3.792131715504435e-16,0.7429468626154551,0.0,0.2570531373845485,0.0,1.7205971152730752e-16,0.0
2018-05-01,2.772621753243908e-16,0.0,0.0,0.0,0.17957206007170895,0.0,0.680267610767418,0.14016032916087345,0.0,0.0
2018-06-01,0.0,9.617361458313683e-17,0.0,0.0,0.3563596061358174,1.243253235414918e-17,0.4340725896065568,0.20956780425762622,1.4262265872009478e-16,9.914979064263452e-17
2018-07-01,4.461350639871507e-16,0.0,1.7112546782210205e-16,0.0,0.10800476609419973,0.0,0.8919952339057995,8.265388430538134e-16,0.0,1.1405382098980897e-17
2018-08-01,5.2488919380434223e-17,5.880093049370712e-17,0.0,7.67745801057242e-17,0.22535178843440706,7.016526118216111e-17,0.7746482115655933,0.0,0.0,0.0
2018-09-01,0.0,4.1990206801140573e-17,6.648030095119478e-17,1.6991902666220158e-16,0.4335475395965759,0.0,0.5664524604034242,0.0,0.0,0.0
2018-10-01,0.0,0.0,0.0,8.203831501002845e-17,1.0,1.118597783489266e-16,0.0,0.0,4.484584497754839e-17,9.162753932311708e-17
2018-11-01,0.0,3.322128743006187e-16,0.0,0.0,1.0,0.0,4.3021142204224816e-16,2.4015636019621215e-16,1.0011810351897476e-16,0.0
2018-12-01,0.0,0.0,4.546079536720522e-16,2.499274435760334e-16,0.9999999999999998,0.0,2.1198320876436583e-15,0.0,4.9487836201912554e-17,3.4338678225967094e-17
2019-01-01,5.724935087812667e-17,5.2355427748692575e-18,0.0,0.0,1.0,0.0,0.0,0.0,0.0,3.68851316785278e-16
2019-02-01,0.0,0.0,0.0,1.6156846806671327e-16,1.0,0.0,2.498001805406602e-16,0.0,0.0,4.0605024943034664e-16
2019-03-01,0.0,0.10908241063582952,3.6721521370220756e-16,0.0,0.890917589364171,0.0,2.383505851694417e-17,0.0,0.0,2.3461363616335197e-17
2019-04-01,0.0,8.491471414906471e-16,0.0,0.0,0.9999999999999998,0.0,4.547806265038349e-16,0.0,2.1710831711065814e-16,0.0
2019-05-01,0.0,3.960868925930276e-17,1.0780708353720607e-17,2.1006002227777592e-17,1.0,3.8556866457641066e-17,2.7755575615628914e-17,6.79050144237742e-17,2.7780270695250534e-18,0.0
2019-06-01,0.0,0.0,3.512829629117973e-16,4.609008242007213e-16,1.0,0.0,0.0,0.0,7.244190724957823e-17,0.0
2019-07-01,1.0004563500593475e-16,8.622358080661034e-17,2.698118881269331e-16,7.199351793873986e-16,0.8041753412516436,0.0,0.19582465874835553,1.0821660705816476e-17,1.7562485768099816e-16,0.0
2019-08-01,0.0,0.0,0.0,0.0,0.9474840852015958,4.760447497673446e-16,0.05251591479840462,1.0646511798627957e-17,0.0,7.322416911009062e-17
2019-09-01,1.849905916266051e-17,0.0,0.0,0.0,0.7971291566262115,0.0,0.20287084337379,1.404235912647978e-16,7.808618188305568e-18,0.0
2019-10-01,1.4278938070024588e-16,2.1124121624702154e-16,0.0,3.812436863581858e-16,0.5226814924137323,0.0,0.4773185075862672,0.0,8.342207634372501e-17,5.178536273831537e-17
2019-11-01,4.4328549276604516e-17,1.0947914656783116e-16,2.143846637752625e-17,5.089991792951223e-16,0.9999999999999999,0.0,1.3322676295501878e-15,0.0,2.3456386699320892e-17,0.0
2019-12-01,1.2640831313467074e-16,0.0,0.0,0.0,1.0,9.932250071982787e-16,0.0,4.610788314477708e-16,0.0,0.0
2020-01-01,1.9907271702668684e-16,0.0,1.4747953861199008e-16,0.0,0.9999999999999997,0.0,5.828670879282072e-16,0.0,0.0,8.563531483273679e-16
2020-02-01,1.1942690352406673e-17,1.9811871055650904e-16,1.026927551155179e-16,3.819398355101763e-16,0.9999999999999998,4.922066776453172e-17,0.0,0.0,4.2875797046608753e-16,0.0
2020-03-01,3.572284139841022e-16,0.0,3.485514578678378e-16,0.0,0.9999999999999992,4.68392517839505e-16,0.0,0.0,2.138037352273652e-16,1.2119001594620355e-16
2020-04-01,1.6995137818112171e-16,1.4865133892487842e-16,7.502790436068682e-17,0.0,1.0,0.0,0.0,0.0,0.0,3.395686967748788e-16
2020-05-01,7.311221393587496e-17,1.8156258827560552e-16,1.837698269531838e-16,3.3049534140377186e-16,0.9999999999999992,8.577185314069125e-18,7.91033905045424e-16,0.0,8.414588888399299e-17,0.0
2020-06-01,0.0,0.0,3.1023126947330645e-17,0.0,0.9999999999999998,0.0,5.891033934580449e-16,1.3431096512750429e-15,2.0722121192976198e-17,0.0
2020-07-01,1.547649080207499e-16,5.251404689856235e-16,0.0,0.0,0.999999999999999,3.405021064136171e-16,0.0,8.118911073109475e-16,4.3956113849336996e-17,0.0
2020-08-01,1.4616812320089354e-17,0.0,2.2677553615459775e-17,0.0,1.0,0.0,0.0,0.0,2.1066108303663524e-16,2.923951733880767e-16
2020-09-01,0.0,3.739205296678011e-16,6.028972688586613e-17,8.19977687963499e-17,0.9999999999999991,3.179673646266649e-17,0.0,4.3031043122755386e-16,4.51416290691732e-18,0.0
2020-10-01,3.338132648085611e-16,0.0,0.0,2.0471615120997342e-16,1.0,0.0,0.0,5.323052778758573e-16,2.510753441414253e-17,0.0
2020-11-01,0.0,0.0,8.542189794245747e-17,0.0,0.9999999999999998,1.0635634706137944e-16,1.1102230246251565e-15,0.0,0.0,2.6807369229137307e-16
2020-12-01,4.7131680879033137e-17,0.0,4.112953310877255e-17,0.0,0.9999999999999998,5.838319711776777e-17,0.0,5.988350130652119e-16,1.4656567276752765e-16,1.0411474576344338e-16
2021-01-01,1.6262713537755486e-16,0.0,0.0,2.1863242151812507e-16,0.9999999999999996,1.7769321625933407e-16,7.462655755412464e-16,1.842633402269719e-17,3.8151674199805257e-16,1.4172191069846993e-16
2021-02-01,0.0,0.27583460791723013,0.0,3.6942546323031076e-16,0.7241653920827708,1.6685449228707995e-16,0.0,0.0,0.0,1.810326076181468e-17
2021-03-01,0.0,0.15159947618309416,0.0,3.7359392649748806e-16,0.8484005238169058,1.2024859847040875e-16,1.0497160088878446e-16,0.0,0.0,0.0
2021-04-01,0.0,0.06957043587603816,0.0,4.444454117634727e-17,0.9304295641239635,0.0,0.0,0.0,0.0,0.0
2021-05-01,0.0,0.031123385961256946,0.0,4.7847953764832596e-17,0.9688766140387423,9.544640874548176e-17,1.1524514870366257e-16,3.0482720332676846e-16,3.59228026270734e-17,2.6651632730216277e-16
2021-06-01,0.0,1.1102230246251565e-15,0.0,4.1524358063789853e-16,1.0,0.0,0.0,2.063691819510822e-17,3.424943836685427e-17,0.0
2021-07-01,0.0,7.147060721024445e-16,6.515028037635026e-17,1.4403375819949372e-16,0.9999999999999997,0.0,6.561568112415751e-17,0.0,0.0,0.0
2021-08-01,0.0,0.0065435202014378635,1.6305427080837738e-16,0.0,0.9934564797985619,9.125424222339541e-17,4.5085551683947555e-17,0.0,0.0,2.532705447299832e-16
2021-09-01,0.0,0.08433177641210868,0.0,0.0,0.9156682235878912,4.190899864810528e-18,3.9065751380371105e-16,4.245030868037956e-17,0.0,3.116853991300406e-16
2021-10-01,0.0,0.5651301829305192,2.937642449339522e-16,1.3303965159457248e-17,0.4348698170694796,1.1705870874092582e-16,4.440892098500626e-16,1.8708120889132959e-16,0.0,3.292502308432375e-16
2021-11-01,1.3621606226026553e-16,0.7610550093544888,6.279980841311547e-17,0.0,0.2389449906455108,7.581419369264206e-17,0.0,7.163730297404947e-17,3.7503995065508354e-17,1.8527942540199936e-16
2021-12-01,8.074766222228281e-17,0.9421794671159707,0.0,1.7663255153369574e-16,0.05782053288402908,0.0,3.649818320312774e-18,0.0,1.0542438116525459e-16,0.0
2022-01-01,0.0,0.7806137990073162,2.1791531898490217e-17,0.0,0.21938620099268405,4.721293608086212e-19,4.765589529670212e-17,0.0,2.515556022423993e-17,3.298490258817143e-17
2022-02-01,0.0,0.6262695306211394,0.0,0.0,0.3737304693788611,0.0,0.0,7.340295016916092e-17,0.0,7.597796349183368e-17
2022-03-01,0.0,0.5831266258666701,1.9535737172644685e-16,0.0,0.41687337413332975,2.2915876731313558e-18,0.0,1.1009750883782668e-16,0.0,2.1844587734720445e-16
2022-04-01,4.9620274873075084e-17,0.8867626045336898,4.8065572902724363e-17,1.912895880673864e-17,0.11323739546630998,6.205062307370139e-17,0.0,0.0,9.74316435676973e-17,1.3438365615558472e-16
2022-05-01,1.08920817429187e-18,0.8981800155295606,0.0,0.0,0.10181998447043955,0.0,7.894250102320665e-18,1.214171513740267e-16,0.0,0.0
2022-06-01,1.869605339984869e-17,0.7315519204032718,0.0,3.34678150533219e-18,0.26844807959672795,0.0,2.663014633326121e-16,0.0,0.0,1.4253412035261823e-16
2022-07-01,1.6851473989001307e-17,0.8324218348675968,3.136952286772023e-17,0.0,0.1675781651324035,0.0,2.4665662881089712e-17,0.0,5.241926029931319e-17,0.0
2022-08-01,0.0,1.0,0.0,0.0,0.0,0.0,1.455040772935725e-17,6.597352069647504e-17,0.0,4.590148707893264e-17
2022-09-01,0.0,1.0,0.0,0.0,2.7755575615628914e-17,0.0,3.582333901142276e-16,2.4059104647789473e-17,0.0,0.0
2022-10-01,0.0,0.9999999999999998,0.0,0.0,3.608224830031759e-16,5.729345515809957e-17,0.0,0.0,3.828794212435391e-18,0.0
2022-11-01,3.690790525921688e-17,0.644753599812073,7.740129739874354e-17,0.0,0.3552464001879273,1.8714977839823803e-17,0.0,0.0,0.0,0.0
2022-12-01,0.0,0.33894717128350876,5.839263380962678e-17,0.0,0.6610528287164916,3.719641473702006e-17,3.670558112295373e-17,0.0,0.0,0.0
2023-01-01,0.0,2.3389716115087976e-16,3.264593743401155e-17,1.2830373964679633e-16,1.0,1.4968591856449644e-16,0.0,0.0,0.0,0.0
2023-02-01,2.2594346356330738e-17,0.07741647293062212,0.0,7.093137129306546e-17,0.922583527069378,1.262141765137495e-16,0.0,0.0,0.0,0.0
2023-03-01,3.9602401847756397e-17,0.2950657546713551,0.0,4.036510854652688e-17,0.7049342453286452,3.459046977785926e-17,2.6704723442062465e-17,0.0,2.595357176731018e-17,0.0
2023-04-01,0.0,0.09066898288940392,0.0,0.0,0.9093310171105964,5.175462810090004e-18,0.0,2.0094431309799818e-16,0.0,0.0
2023-05-01,0.0,6.661338147750939e-16,9.087575322692384e-18,0.0,0.9999999999999996,8.82480204157497e-17,1.3794188530769122e-17,2.5538437094343054e-17,0.0,0.0
2023-06-01,3.053073819376852e-17,8.881784197001252e-16,0.0,0.0,1.0,0.0,0.0,0.0,0.0,0.0
2023-07-01,0.0,0.012107898514301316,0.0,0.0,0.9878921014856992,1.1286908082807978e-16,0.0,4.125994518397738e-17,0.0,0.0
2023-08-01,1.0518548324606093e-16,2.7755575615628914e-17,0.0,3.609398812592411e-17,1.0,2.7434528515524427e-17,0.0,3.3276623052984086e-17,1.0247336550420956e-16,6.18380214601966e-17
2023-09-01,0.0,0.0,1.0537582434337739e-16,0.0,1.0,0.0,0.0,0.0,1.3660722511006648e-16,0.0
2023-10-01,3.350738724556688e-18,0.0,4.814583264558063e-17,9.478233813193847e-16,0.9999999999999999,0.0,3.1931099066109697e-16,1.4339774264270963e-16,7.204171095252554e-17,2.991330071296716e-17
2023-11-01,4.3928298531537956e-17,0.0,0.0,1.7312803758920894e-17,1.0,0.0,0.0,2.455229391645842e-17,2.9461490876689824e-17,1.7232483733369143e-16
2023-12-01,6.523324272054739e-17,0.0,0.0,1.5802381193742489e-16,1.0,5.356208337335413e-17,0.0,0.0,5.627922511485794e-17,0.0
2024-01-01,0.0,0.0,6.129075126068595e-17,0.0,0.9999999999999998,0.0,1.0558856623813614e-16,7.405312570895385e-17,4.0842349586177045e-17,2.7905119705695925e-16
2024-02-01,0.0,8.326672684688674e-17,1.9678408734899626e-16,7.614305307473689e-17,0.9999999999999991,2.7536612315099576e-17,3.6705783326764537e-16,0.0,1.0540846342483526e-16,1.4138672949611905e-16
2024-03-01,1.316916433961626e-16,1.6020973592545007e-16,2.4327583449821193e-16,6.211153581939334e-17,0.9999999999999996,2.2905749526631183e-17,0.0,2.500619535565408e-16,8.067231697836639e-17,3.925527710056909e-17
2024-04-01,0.0,2.835497836188079e-16,0.0,0.0,1.0,1.421022529632444e-17,0.0,0.0,0.0,0.0
2024-05-01,4.2960982728778446e-17,0.0,0.0,0.0,0.9999999999999999,5.44919844532301e-18,1.8041124150158794e-16,2.0596894510702901e-16,0.0,0.0
2024-06-01,1.9167736330063518e-17,1.3281324975358878e-16,1.11738231147717e-17,1.3548914749479575e-16,0.9999999999999996,5.1500292765491675e-17,0.0,8.459536214224057e-17,4.947587892374069e-17,4.331122347735866e-17
2024-07-01,0.0,0.0,0.0,0.0,1.0,4.297218078797786e-17,0.0,2.0668203917097902e-17,4.815218615140384e-17,1.6501760040464088e-16
2024-08-01,0.0,2.0122792321330962e-16,0.0,7.113263643339347e-16,1.0,0.0,0.0,0.0,0.0,0.0
2024-09-01,0.0,0.0,0.0,0.0,1.0,0.0,7.259817746962938e-16,4.158226702258622e-17,0.0,2.7118619201405983e-16
2024-10-01,0.0,7.494005416219807e-16,0.0,8.52607316511307e-17,1.0,9.310883090002218e-17,0.0,0.0,0.0,0.0
2024-11-01,1.3260537564963913e-16,5.551115123125783e-16,0.0,0.0,0.9999999999999998,0.0,0.0,0.0,0.0,6.315011781142146e-17
2024-12-01,6.023956779485951e-17,0.08468090771361966,0.0,7.562994805681564e-17,0.9153190922863806,1.0410343807825566e-16,1.149610491684143e-16,0.0,0.0,0.0
2025-01-01,0.0,0.1790837275894805,0.0,1.1443592666791283e-16,0.8209162724105203,7.764010234601332e-17,0.0,0.0,0.0,0.0
2025-02-01,9.036816082484599e-17,0.19150168795914624,0.0,5.1932901149135673e-17,0.8084983120408543,7.0583577033033e-17,0.0,9.890139417856033e-17,4.4442554420357527e-17,0.0
2025-03-01,4.284390949246108e-17,8.673617379884035e-16,0.0,0.0,1.0,0.0,0.0,0.0,0.0,0.0
2025-04-01,0.0,7.216449660063518e-16,0.0,5.722417212325328e-17,1.0,3.257356580537485e-17,0.0,1.4397613264007582e-17,8.697993804534581e-17,0.0
2025-05-01,0.0,0.0025789333860288255,6.38759631324155e-17,0.0,0.9974210666139707,0.0,5.358175918961532e-17,8.959420731970006e-17,3.127919026377537e-16,2.937365767008673e-16
2025-06-01,0.0,0.09795293653071023,1.2240671194121644e-16,0.0,0.9020470634692896,0.0,0.0,1.9601565478578288e-17,1.6122883925166919e-16,2.08227860314624e-16
2025-07-01,0.0,0.0,0.0,2.5644363263189115e-17,1.0,0.0,4.3463128934756277e-17,0.0,3.124332467796707e-17,2.707641711284044e-16
2025-08-01,0.0,0.0,0.0,2.2017937083121016e-16,1.0,0.0,1.4869350737614284e-17,0.0,0.0,1.3544433509285151e-16
2025-09-01,0.0,0.0,1.1677078763937085e-16,0.0,0.9999999999999998,0.0,5.172063241189493e-16,8.544135441284853e-18,3.290394180229297e-17,1.86119193116842e-16
2025-10-01,3.040325754428477e-17,0.18665915995506369,0.0,7.405763979306168e-17,0.8133408400449362,0.0,7.612231181101068e-18,6.541185055567344e-17,4.436772118792025e-18,0.0
2025-11-01,5.645558423573699e-17,0.18633941737365053,1.0794699367620057e-16,7.008897259583293e-17,0.8136605826263493,8.029162918729456e-17,0.0,0.0,3.36328987635002e-17,3.8945400514088264e-17
2025-12-01,3.0013810581476754e-17,0.16431678776585257,0.0,1.884576110626021e-18,0.8356832122341478,0.0,0.0,9.588962097241371e-17,1.1296144161169021e-16,1.279281170834294e-16
