,1/N,Mean-Variance,Minimum Variance
1973-08-01,-0.035570000000000004,-0.06900000000000003,-0.041343807207671335
1973-09-01,0.05534755451406529,0.007800000000000038,0.06156272834091561
1973-10-01,-0.009013693386393793,0.018299999999999962,-0.016410504450986407
1973-11-01,-0.11885035515376541,-0.07760000000000004,-0.07471526529869509
1973-12-01,0.005426323612844671,-0.0448,0.019062561806004585
1974-01-01,0.01443941041933911,-0.02560000000000001,-0.0026339520365259157
1974-02-01,0.0024172357851785517,-0.012199999999999902,0.011651974746330828
1974-03-01,-0.022587812001276734,0.012099999999999965,-0.023942387445409295
1974-04-01,-0.04712613532896148,-0.01480000000000004,-0.05450747314061749
1974-05-01,-0.03078931371005824,-0.0012000000000000333,-0.02315194789120116
1974-06-01,-0.02286320540992231,-0.016200000000000034,-0.012858012315066506
1974-07-01,-0.07856917699305206,-0.1414,-0.08177892136867088
1974-08-01,-0.0813456550047747,-0.0806,-0.05451341579133976
1974-09-01,-0.10543854274364692,-0.15559999999999996,-0.07517207101830749
1974-10-01,0.15517327931150107,0.2959000000000001,0.17257721010882238
1974-11-01,-0.03700304494586242,-0.012300000000000035,-0.02784880995509706
1974-12-01,-0.02376740783422099,-0.03320000000000001,-0.0005349986391619482
1975-01-01,0.1497719810306153,-0.007499999999999836,0.12034373962140368
1975-02-01,0.0623835221066546,0.1607,0.06255378131132089
1975-03-01,0.031306176561926524,0.012900000000000024,-0.008164565503249071
1975-04-01,0.033215590413774386,0.00650000000000003,0.002693613778838589
1975-05-01,0.05683319405064881,0.0653,0.05918813819064897
1975-06-01,0.056922550711474416,0.00960000000000004,0.04647264097865728
1975-07-01,-0.06173702711396189,-0.12029999999999992,-0.058040954817004935
1975-08-01,-0.02490119162812506,-0.031884904553191984,-0.02954683423924775
1975-09-01,-0.03142866213430952,-0.04987469114862915,-0.02124875640952413
1975-10-01,0.07003031384208788,0.051482338592076314,0.0649746902166375
1975-11-01,0.034434641398708575,0.039765446080597865,0.033734692498281434
1975-12-01,-0.012958614290133005,-0.06368948339809337,-0.008411823516785544
1976-01-01,0.1175881734373417,0.07666702109091664,0.08971230001452088
1976-02-01,0.0036410638297872345,-0.03766072209720375,0.0033989364648509984
1976-03-01,0.029381839428565714,0.04650321460152724,0.025821967169399482
1976-04-01,-0.010776679487926637,-0.01575109292501976,0.008619910120384086
1976-05-01,-0.01527730711303835,0.01660021443245292,-0.013833190493484063
1976-06-01,0.0431345723627428,0.04732532184083176,0.0391343066018039
1976-07-01,-0.002914551728765469,-0.006793554804555121,0.008460540141397032
1976-08-01,0.006273369436588644,-0.008900000000000002,0.032748798362189024
1976-09-01,0.026588602857881036,0.05466193768152036,0.028624592973139996
1976-10-01,-0.01765485219491764,-0.02800356101476679,-0.0027507988028330176
1976-11-01,0.006419683841941338,0.002515374143693486,0.011264532943541284
1976-12-01,0.0577129545251319,0.04716985698793039,0.04614401976482006
1977-01-01,-0.03703823489374574,-0.024473018523798205,-0.00860671862572797
1977-02-01,-0.015468115135404545,-0.033608588622644646,-0.0024443271255005835
1977-03-01,-0.012669005138829638,-0.02070000000000001,-0.012021587728846128
1977-04-01,-0.0007411955762160753,0.025199999999999997,0.0035264179847469446
1977-05-01,-0.008979112187409304,-0.004300000000000007,0.007277905486737749
1977-06-01,0.05413265189579671,0.06089999999999991,0.0377545837162425
1977-07-01,-0.009722045836139595,-0.018,-0.010886912461498095
1977-08-01,-0.00565280607865905,-0.05523178810275839,-0.021784345735021523
1977-09-01,0.0035362038796874534,0.013524696999273762,0.02490415659648344
1977-10-01,-0.03681297015891993,-0.04580945048572558,-0.043468241221749734
1977-11-01,0.04408003114456266,0.026727585410515044,0.029732552988082462
1977-12-01,0.0060431099873577655,0.020095059241595877,0.017530688263149158
1978-01-01,-0.05258711261306033,-0.051702806941261996,-0.042650264141921794
1978-02-01,-0.006640013087623754,0.02335639109021522,0.022220447890811817
1978-03-01,0.03311371806486682,0.02345513819843803,0.027368127898908516
1978-04-01,0.08039026452056251,0.029051593145733367,0.04071782817769484
1978-05-01,0.020246968328304582,-0.003590361471672871,0.006304130608208549
1978-06-01,-0.010567852585776026,-0.015779090727848697,-0.012328725369058088
1978-07-01,0.05281688795464422,0.014351274843209224,0.02830865437448542
1978-08-01,0.039247633158574574,0.03478497201982723,0.030028696001048523
1978-09-01,-0.00835523933227499,0.012058856021238892,0.008341033504489606
1978-10-01,-0.10831034808211995,-0.048025694103783365,-0.06592468915800316
1978-11-01,0.033224298818094126,0.029800584391555324,0.03564848710091353
1978-12-01,0.014527697176147252,0.0010000000000000046,0.005703170975540269
1979-01-01,0.04626638001557277,0.036600000000000014,0.03586076230421207
1979-02-01,-0.028792359631098573,-0.0065000000000000275,-0.011381099905496078
1979-03-01,0.05670855745570232,0.004769605337285211,0.01735520870784922
1979-04-01,0.005125512784117792,-0.015904207613587813,-0.013863162141633958
1979-05-01,-0.01310498781373415,-0.023181159684998537,-0.0038489399187952187
1979-06-01,0.041051517979269855,0.051460286509640366,0.030327716102444387
1979-07-01,0.012787540989905005,0.01067032870661614,0.0019588221469095933
1979-08-01,0.06058725930021325,0.0793,0.029770694817004555
1979-09-01,-0.004627488308945533,0.059199999999999996,-0.013382708455972869
1979-10-01,-0.07043248837232664,-0.025500000000000023,-0.047216984473371214
1979-11-01,0.05615862355320338,0.0892,0.05309536387800213
1979-12-01,0.021991043672545833,0.024899999999999995,-0.006800384188971444
1980-01-01,0.04564658324446488,0.14049999999999996,0.0014476510146616915
1980-02-01,-0.0221836464828061,0.1299999999999999,0.006018400810765359
1980-03-01,-0.09355357705953928,-0.17909999999999993,-0.05047896735218885
1980-04-01,0.049535704768312726,0.0686,0.0704050793407192
1980-05-01,0.06271763262934277,0.04129999999999991,0.05078159312359385
1980-06-01,0.028619555910994014,0.0584,0.0021721792996928645
1980-07-01,0.0751604947992612,0.020099999999999927,0.017722922804437678
1980-08-01,0.021610626563618958,0.0366,0.05597912988410283
1980-09-01,0.019625621452339013,0.06529999999999998,-0.0026117981537457776
1980-10-01,0.006502327155045602,0.07759999999999999,-0.016612104838879354
1980-11-01,0.07431505160989084,0.243,0.03388799805956889
1980-12-01,-0.011523644757171311,-0.1059,-0.00018502860379309658
1981-01-01,-0.022065810980296967,-0.1016,0.03470314283665899
1981-02-01,0.020322390470834815,-0.0031000000000000008,0.018708283554043758
1981-03-01,0.054732781436186886,-0.020499999999999866,0.011050484701896417
1981-04-01,0.0039894628416491966,-0.07799999999999999,0.04819268228783455
1981-05-01,0.023469787776483127,-0.03949999999999998,0.05847693528921258
1981-06-01,-0.014693786635404446,0.04709999999999998,-0.012738904904277436
1981-07-01,-0.009398983154049126,0.07939999999999997,0.01137985426184361
1981-08-01,-0.05407159256305956,-0.06339999999999998,-0.0169386726226453
1981-09-01,-0.04152177893813355,-0.12299999999999997,0.00818904360365189
1981-10-01,0.054406746437438716,0.09600000000000002,0.06466736083601596
1981-11-01,0.03913459532502013,0.0684999999999999,0.032383055739133366
1981-12-01,-0.019754765455857592,-0.0641,-0.020413933543536614
1982-01-01,-0.01050779418965236,-0.08469999999999998,-0.0037644783096121713
1982-02-01,-0.039349426815958585,-0.11199999999999992,-0.06122410565964207
1982-03-01,0.0012836638321346318,-0.02609453608963378,0.013256103020172558
1982-04-01,0.04481753677314985,0.032623214884802944,-0.002037030390177388
1982-05-01,-0.024894597349155473,0.02080540056795222,0.0018133011719084031
1982-06-01,-0.012162277504896464,-0.05961330778307727,-0.02684352203183781
1982-07-01,-0.013241889385995083,-0.06300015325900317,0.0017124853976828072
1982-08-01,0.1191104820290413,0.10198369196774112,0.10931605654389934
1982-09-01,0.018713996711995824,0.012414844586087099,0.010553887950810218
1982-10-01,0.11606677218606751,0.06507026177924495,0.07708225896919592
1982-11-01,0.05524145007391479,0.005456931330450333,0.045362772050191916
1982-12-01,0.013016204864368068,0.006680076617858532,-0.001224295355319206
1983-01-01,0.04274851653720498,0.08314181615537887,0.10813150204774398
1983-02-01,0.03086690319796709,-0.0069249294483042945,-0.0012921092612498887
1983-03-01,0.03386328806983511,0.01628764744706763,0.011766068865876752
1983-04-01,0.07202000290149424,0.061599639597593354,0.0552139838243417
1983-05-01,0.004350067900313357,-0.003345491858974349,-0.005821978281588025
1983-06-01,0.041901770855111854,0.02337355649826962,0.007978812275120461
1983-07-01,-0.0336631395694776,-0.03517157775679794,-0.040561459449698314
1983-08-01,0.0017076756890985851,0.03601741081779704,0.02460467534033715
1983-09-01,0.020789995807462696,-0.02667749286857502,0.020016511982365762
1983-10-01,-0.02169806837104515,-0.03632680124388866,-0.036005575325276165
1983-11-01,0.022449118951736565,0.015418586060800458,0.019165973510450178
1983-12-01,-0.01270622903525499,-0.02338039454899773,-0.01853786592991266
1984-01-01,-0.008525921754894106,-0.01174068778028013,0.03927542477432681
1984-02-01,-0.03891486022025899,-0.023353827543779303,-0.03115181523498203
1984-03-01,0.005621788987485305,0.0045595737133458,-0.030574167189779972
1984-04-01,0.007565377586429747,0.028551299622659197,0.016883863647691604
1984-05-01,-0.047717127148584795,-0.047845032511142846,-0.029210652485278245
1984-06-01,0.03746140494566071,-0.010208983411391053,0.07777281161886061
1984-07-01,-0.013292394510091178,-0.056864887578452546,0.01118787546329134
1984-08-01,0.10434147286821704,0.09687198657919457,0.07447947884532882
1984-09-01,0.0023168817058264496,0.015264725086096746,0.03596073296849652
1984-10-01,0.003387593774940144,-0.0013650833847588012,0.004517165428400151
1984-11-01,-0.009377667387469962,0.00140904388067856,0.007114955877275075
1984-12-01,0.026115002523468257,0.02437646139351119,0.03745389685466623
1985-01-01,0.08170382131963866,0.04840000000000005,0.05008603072055328
1985-02-01,0.019089233841147756,0.04720190203256178,0.02167845462529707
1985-03-01,0.005912744086105896,0.04067495078826212,0.05579021493999869
1985-04-01,-0.004876691617212896,-0.0034079935561656532,0.01048437395281186
1985-05-01,0.06060822164171604,0.051644863617528076,0.059936432149125425
1985-06-01,0.018780022532077573,0.023200997174040533,0.0360501203813009
1985-07-01,-0.006750606358024075,-0.02651742964348687,-0.04418239642261033
1985-08-01,-0.003912425929468112,0.006999999999999849,0.011340726234562259
1985-09-01,-0.036432656842866014,-0.005700000000000041,-0.04528597918154066
1985-10-01,0.043338243931799546,0.03569999999999998,0.050686219675038204
1985-11-01,0.07143188997508146,0.0632954033685126,0.05883596429292809
1985-12-01,0.045977961661580385,0.04499642668155436,0.05211255383906074
1986-01-01,0.00458678377164052,0.022893407436541932,-0.00020226712208358554
1986-02-01,0.0737278603919695,0.09539375407361828,0.0728794269932176
1986-03-01,0.05727709922242399,0.07611257804446794,0.04398364761048977
1986-04-01,-0.0029116650589192158,0.004299999999999926,-0.007831166591736093
1986-05-01,0.05444663263873566,0.08870000000000008,0.046267262655915506
1986-06-01,0.02067161253615286,0.06320000000000002,0.04790898216430153
1986-07-01,-0.05483654695428986,-0.05730000000000009,0.0023153489774049196
1986-08-01,0.06684674692167732,0.025800000000000087,0.07676239386649862
1986-09-01,-0.08192336563604156,-0.10850000000000068,-0.09252051636217254
1986-10-01,0.053058868317015,0.08859999999999991,0.04818668410051789
1986-11-01,0.021354621286212093,0.007200000000000018,0.02381607363879943
1986-12-01,-0.028769851681433218,-0.032200000000000076,-0.03302987463304878
1987-01-01,0.12869296303922576,0.14460000000000003,0.08430947077746358
1987-02-01,0.0449958803986711,0.05610000000000005,-0.010352820245069356
1987-03-01,0.024414536895284732,0.011399999999999917,0.005705204572310606
1987-04-01,-0.012771355859416949,-0.03680000000000005,-0.02964360104723741
1987-05-01,0.007484360662379097,0.026299999999999987,0.00777543691295567
1987-06-01,0.04650907970345669,0.06790000000000002,0.05116955434400226
1987-07-01,0.04296497467943205,0.057300000000000025,0.02348415792339609
1987-08-01,0.04012275579076543,0.03669999999999991,0.04264077207911015
1987-09-01,-0.022621890158907147,-0.027700000000000207,-0.000355911581262868
1987-10-01,-0.2106679644786381,-0.20980000000000015,-0.10881271740466497
1987-11-01,-0.07833024245648702,-0.08000000000000017,-0.056171275970844634
1987-12-01,0.06953108459869846,0.07560000000000001,0.020010168145240648
1988-01-01,0.05152981825491058,0.030400000000000055,0.09836410701682287
1988-02-01,0.049832232206532594,0.06039999999999996,-0.002168033660688415
1988-03-01,-0.02080390712204041,-0.015200000000000036,-0.033586220621695584
1988-04-01,0.010952395131315618,-0.0016999999999999828,0.0027004399794253817
1988-05-01,0.0035843840439947383,-0.002599999999999975,0.02960611476621961
1988-06-01,0.04743627323994181,0.03369999999999998,0.0291558087911227
1988-07-01,-0.0034192601431980705,0.013099999999999995,0.000767278017271003
1988-08-01,-0.0280543847257477,-0.0034000000000000362,-0.012916345329771211
1988-09-01,0.03985117507870207,0.06689999999999997,0.0418982686541633
1988-10-01,0.022144073233585897,0.0832999999999999,0.026413428028114
1988-11-01,-0.015149472530912497,-0.012199999999999921,-0.0030823308297300814
1988-12-01,0.019772331637781363,0.0327,0.011534033555894559
1989-01-01,0.06466995195230528,0.05599999999999993,0.04994847804666643
1989-02-01,-0.018018632504320373,-0.012700000000000012,-0.016581032996966515
1989-03-01,0.020776172112868224,0.056999999999999995,0.023338303936587347
1989-04-01,0.04792771289466204,0.0579999999999999,0.05766339803982905
1989-05-01,0.03956553861420147,0.049300000000000024,0.052934675178672896
1989-06-01,-0.004726077103612789,0.014399999999999994,0.021286849003143492
1989-07-01,0.07716359981111792,0.119,0.0676736249846304
1989-08-01,0.019387002766277407,-0.01979999999999986,0.00035001894481206865
1989-09-01,-0.003372044217320086,-0.005699999999999919,0.014555621746946237
1989-10-01,-0.025722769885223533,-0.024500000000000036,-0.0013235385939046477
1989-11-01,0.01657198370262417,0.016899999999999988,0.027479732063927634
1989-12-01,0.019174899476728156,0.013900000000000001,0.04941054504962889
1990-01-01,-0.06618681023487627,-0.09470000000000003,-0.07461434132691155
1990-02-01,0.01639827706573296,-0.005500000000000008,0.0035310345995948913
1990-03-01,0.027388590990920083,0.046299999999999994,0.007535116963930551
1990-04-01,-0.02660697512360338,-0.0017000000000000559,-0.0475299866481606
1990-05-01,0.09149062075624811,0.0909,0.0663986020678009
1990-06-01,-0.0038456572245227027,0.02079999999999994,-0.00523821581284383
1990-07-01,-0.012073228137798122,-0.007900000000000008,-0.0044275953015028135
1990-08-01,-0.09413453923463863,-0.0737000000000002,-0.07468601239264291
1990-09-01,-0.051802442717760806,-0.04070000000000005,0.002751527058756277
1990-10-01,-0.007880906502736264,0.024999999999999953,0.05600308815214562
1990-11-01,0.06571590118007477,0.0655999999999999,0.025933175699752495
1990-12-01,0.0247583426995281,0.04399999999999996,0.007280661604466919
1991-01-01,0.051931318164521754,0.05100000000000002,-0.005618289711183565
1991-02-01,0.07696450148760015,0.10309999999999996,0.051315797770783454
1991-03-01,0.030846393259991625,0.048200000000000014,0.016298541074582593
1991-04-01,4.936466365975111e-05,-0.009899999999999912,0.0014684690449023043
1991-05-01,0.04413686097085437,0.03610000000000002,0.0004898315655812956
1991-06-01,-0.04399802175807549,-0.04960000000000003,-0.028810003857516985
1991-07-01,0.043837061401215245,0.05769999999999992,0.04078049806204935
1991-08-01,0.023525567583101818,0.054799999999999995,0.030278045396800884
1991-09-01,-0.010522684642438444,-0.032399999999999984,0.026131991988145788
1991-10-01,0.01308284371684098,-0.005400000000000018,0.013959189202161996
1991-11-01,-0.03815373800781713,-0.004200000000000063,-0.002142132554587067
1991-12-01,0.10252508373790191,0.1477,0.04811457090315209
1992-01-01,0.001212018391888714,-0.0312,-0.040368542300384516
1992-02-01,0.018952034912170318,0.010499999999999997,-0.008521514368180718
1992-03-01,-0.020282274029592998,-0.015100000000000006,-0.012369258193711203
1992-04-01,0.02482392790806849,0.007600000000000058,0.038640241080400865
1992-05-01,0.004596519660454709,0.013099999999999987,0.02489487374050187
1992-06-01,-0.016231608427799398,-0.028100000000000017,-0.005256746349939305
1992-07-01,0.040842116604325907,0.046699999999999985,0.06201545390797965
1992-08-01,-0.02303161727268359,0.008699999999999992,-0.0006445660636939655
1992-09-01,0.011677354458364042,0.010599999999999991,0.008222154323575554
1992-10-01,0.008194559057530573,-0.008199999999999876,-0.009008909777763356
1992-11-01,0.041586276034434884,0.03620000000000001,-0.0019222362540724245
1992-12-01,0.018141441517548568,0.0005000000000000279,0.023590645908286106
1993-01-01,0.016807899161314397,-0.008000000000000009,0.02697908515512598
1993-02-01,0.006307064185900126,-0.02140000000000001,0.05655426312387661
1993-03-01,0.026191288191166975,1.4483063540667442e-17,0.022322959854162185
1993-04-01,-0.0224907973810359,-0.09319999999999998,-0.0021491625206158564
1993-05-01,0.031736993770267063,0.02669999999999993,0.010774361036749858
1993-06-01,0.00502687082081597,-0.006899999999999956,0.020111538831284997
1993-07-01,-0.0035747325692454725,-0.02236969606446951,0.01131530751813573
1993-08-01,0.038368193148293074,0.043111700641747124,0.04063956514367664
1993-09-01,0.0008809860565441801,-0.011549768260004405,-0.0008781630787019019
1993-10-01,0.0251131029142897,0.031077794958684412,-0.016653012734607613
1993-11-01,-0.016234219983027206,-0.05164139890468435,-0.05139010418765588
1993-12-01,0.017129092803203544,0.002833210450518744,0.015460313585755158
1994-01-01,0.029207600342092063,0.002329551271419699,0.004689415409876884
1994-02-01,-0.025589202549354897,-0.019367593622869696,-0.039646936284893214
1994-03-01,-0.0458616188482535,-0.04156239734650059,-0.038810671770587134
1994-04-01,0.0108444358979733,0.011551698653330632,0.020891951770720077
1994-05-01,0.002828410707396442,-0.013502123649093811,-0.03450911163165084
1994-06-01,-0.027092805093280402,-0.013844616879657502,-0.033122148452725673
1994-07-01,0.031005242901041057,0.027349251268301455,0.04655520129501841
1994-08-01,0.04022378497648028,0.059314168713573395,0.014563779937713068
1994-09-01,-0.01842529881665337,-0.003200000000000017,-0.023718773772941
1994-10-01,0.019155233264067137,0.021999999999999978,0.035373512641637385
1994-11-01,-0.032446953288266626,-0.016700000000000007,-0.0114170519012501
1994-12-01,0.011057836016782733,0.013299999999999984,0.003045223729734528
1995-01-01,0.017865926658491217,0.01810000000000001,0.04162766829076999
1995-02-01,0.03679286028646088,0.02940000000000001,0.02344531394583046
1995-03-01,0.02422077575149721,0.02760000000000001,0.005701151024439805
1995-04-01,0.023712874157961528,0.018999999999999982,0.030169288130420996
1995-05-01,0.03540119682747437,0.0475,0.052227161312251864
1995-06-01,0.026148240605715283,0.01680000000000002,0.0018354313059518758
1995-07-01,0.03560813410510519,0.011500000000000012,0.011537379101907113
1995-08-01,0.007005373697778369,0.006399999999999999,0.0032263143443992713
1995-09-01,0.03758686850231856,0.06730000000000001,0.04682939611985228
1995-10-01,-0.01072371740261743,0.00539999999999998,0.011116625247383325
1995-11-01,0.042231084405542796,0.04458404139048881,0.02011516725398617
1995-12-01,0.02299584319895618,0.01463591112641802,0.0411952597694043
1996-01-01,0.024238504124799606,0.043138932727273545,0.014552862705248724
1996-02-01,0.013844202819321352,-0.014193565350929672,-0.008044695196870818
1996-03-01,0.01395948723259461,0.0020999999999999903,-0.00048408614997326655
1996-04-01,0.022526626564241127,-0.006386118338895635,0.00039114380465374445
1996-05-01,0.026457280816693702,0.044490424353171854,0.015190998422179875
1996-06-01,-0.0022989806931753985,0.008924127165137552,0.03217332655163285
1996-07-01,-0.057149022028904164,-0.05073251633463116,-0.058422455093343255
1996-08-01,0.028485235428862308,-0.00924746618363707,0.030875785156818894
1996-09-01,0.04427375748619428,0.049211545172123124,0.024608053823038992
1996-10-01,0.014439883659692624,-0.014065566883441821,0.03340091319739457
1996-11-01,0.059899704795229415,0.061994153446099175,0.041506998623731396
1996-12-01,-0.008976461542815645,-0.02405529016856625,-0.0011719311608748108
1997-01-01,0.04536514478861871,0.06601873049581544,0.023819549776526443
1997-02-01,0.0007510081782964178,0.00959077650190145,-0.021185990357401062
1997-03-01,-0.03813978838410582,-0.060803066530468436,-0.017908131551031915
1997-04-01,0.036444553014553,0.0530999999999999,-0.0019047437800095038
1997-05-01,0.06670010013698893,0.05930000000000002,0.048833954582274804
1997-06-01,0.040557450811297226,0.0374361687793481,0.026947795612305626
1997-07-01,0.0655119111867078,0.017030104635895247,0.04695725597888592
1997-08-01,-0.028747486369053762,-0.06344866055058922,-0.009153923211660375
1997-09-01,0.057864702491249746,0.06216075726933701,0.04832637574192192
1997-10-01,-0.02363916954951889,-0.0038156176057448747,-0.0034595414635106942
1997-11-01,0.03597063660477452,0.026526482813322854,0.036765959010676794
1997-12-01,0.022017455336891596,0.03452677968922696,0.039411451578877474
1998-01-01,0.0032034686011133185,0.05570040016838014,-0.0362015318025704
1998-02-01,0.07046983654756565,0.05530000000000001,0.055037069645313325
1998-03-01,0.055918716269859794,0.03580000000000001,0.058510175358599724
1998-04-01,0.006215040718154596,0.01909999999999999,0.0003617944164231479
1998-05-01,-0.013040104542428118,-0.025000000000000012,-0.01586689538658159
1998-06-01,0.03238375977630993,0.062000000000000006,0.021079048178217662
1998-07-01,-0.023519750900708944,-0.0026000000000000116,-0.048289118933458934
1998-08-01,-0.1329732698471211,-0.12369999999999994,-0.05585863826914497
1998-09-01,0.06559751695188892,0.1209,0.08783058734916635
1998-10-01,0.06784873263090738,0.03830000000000008,0.015188725128110155
1998-11-01,0.05396264518907582,0.061900000000000045,0.024532121942435044
1998-12-01,0.055049474068663264,0.04940000000000005,0.027403666470001576
1999-01-01,0.018219522067534154,0.002800000000000012,-0.039231010199925524
1999-02-01,-0.03336475349312176,-0.05553842049683476,-0.03748566743033813
1999-03-01,0.031412043397768055,0.030999701301049416,0.023383147269758486
1999-04-01,0.05727431285869395,-0.010109865159879449,0.08569548862868492
1999-05-01,-0.01204770525599077,-0.011898662240488867,0.02447454814494839
1999-06-01,0.032591822376943004,0.11229176873714126,-0.014701020087163218
1999-07-01,-0.027535168487102024,-0.017647537779907838,-0.015223643294429554
1999-08-01,-0.012147192794867579,0.05459999999999999,0.0009765024290802083
1999-09-01,-0.03266255840317421,-0.0010000000000000135,-0.04139096937260735
1999-10-01,0.05401816522485091,0.03010000000000003,0.023067982452979998
1999-11-01,0.012561258798307691,0.1275,-0.029476272419212163
1999-12-01,0.036267720966515565,0.2075,0.008341071686099964
2000-01-01,-0.025347562013372325,-0.0521,0.008066681463631606
2000-02-01,-0.03121747589545806,0.18039999999999995,-0.05969948769867265
2000-03-01,0.08350579410125691,0.04090000000000004,0.07864284827270471
2000-04-01,-0.008007493102525545,-0.1055,0.02445614955034299
2000-05-01,-0.010419537368341494,-0.1085,0.016968299516570556
2000-06-01,0.004120653843045371,0.1263,-0.018385380444297245
2000-07-01,-0.009348859077106845,-0.05150000000000002,0.002490248949724821
2000-08-01,0.05252524426548798,0.12679999999999997,0.08658834246128089
2000-09-01,-0.005593746330898367,-0.1473,0.033619576432995034
2000-10-01,5.9628102912641075e-05,-0.07469999999999997,-0.014203583873621356
2000-11-01,-0.05723352933531934,-0.2319999999999999,-0.02397148868554617
2000-12-01,0.02946922708183092,-0.07989999999999998,0.047886265399825066
2001-01-01,0.026234830214695633,0.14778641820664687,-0.027828463036014415
2001-02-01,-0.0456351911460972,-0.26113460152342094,-0.009411489590079543
2001-03-01,-0.049354608069043536,-0.1270062986707703,-0.023643528908980742
2001-04-01,0.07039324983700337,0.13266649198045571,0.06325887199919299
2001-05-01,0.0075999836532623325,-0.026313043071279504,0.00454302908355003
2001-06-01,-0.023006204415777724,0.009045525998917971,-0.041576285878181435
2001-07-01,-0.006820530452670697,-0.06988139193082778,-0.013461469756537121
2001-08-01,-0.049835154181474065,-0.11086294460628911,-0.03178497536182354
2001-09-01,-0.08582562243502052,-0.14782843048615665,-0.07510370005338807
2001-10-01,0.020905030676859466,0.06639814149118799,0.00783946534421654
2001-11-01,0.06399953053849994,0.12272486628682534,0.026811762913008647
2001-12-01,0.020641843109248426,-0.0027310112847488657,0.02990985073878721
2002-01-01,-0.0110552827490278,-0.008209239512252631,-0.023681349926331398
2002-02-01,0.00019012790051058925,-0.0972688090920432,0.00500574455741959
2002-03-01,0.04815703534868841,0.04919148230815962,0.055543165719059893
2002-04-01,-0.039129637900279506,-0.08871747187017391,-0.029614470299113682
2002-05-01,-0.01214014797240345,-0.023478601139513156,-0.02413253477886822
2002-06-01,-0.06937576147680351,-0.08319715229680986,-0.06747249751041606
2002-07-01,-0.09314758294653601,-0.07929903546471914,-0.09876130980411867
2002-08-01,0.008327689381828606,0.0029675301976514533,0.01840139380848115
2002-09-01,-0.09813188057155889,-0.1193612974919571,-0.08882992443340569
2002-10-01,0.06764145378747562,0.07352050044525864,0.047245727791101776
2002-11-01,0.05945001404823226,0.0790153611568155,0.023843124333832937
2002-12-01,-0.0443817183002897,-0.08243577757406269,-0.010242448502328388
2003-01-01,-0.030664856826004606,-0.012579742004096998,-0.03193141537797468
2003-02-01,-0.023183613606592886,-0.01590583728838729,-0.025232334076626086
2003-03-01,0.009895463367694781,0.030483645685604337,0.02025699675594976
2003-04-01,0.07770518708106018,0.0448598244351691,0.05543650690284911
2003-05-01,0.06449046353253354,0.048252362772482196,0.07767423255726139
2003-06-01,0.01555446907434367,0.034833003019569715,0.01804154567712353
2003-07-01,0.013111565666013557,0.009475942730066068,-0.01626713497366031
2003-08-01,0.032196731940345634,-0.016264548803873357,0.019535530090178634
2003-09-01,-0.015724473396166113,-4.380305943925151e-05,0.001043587151936067
2003-10-01,0.05651403750431725,0.022204068755172706,0.03857546613486422
2003-11-01,0.014977328134463952,0.01712142227981569,0.01643893430511614
2003-12-01,0.05899202443109053,0.044727108015793375,0.052318935693863776
2004-01-01,0.013187182353829895,0.03462754300181242,0.011803623828988117
2004-02-01,0.01859707284820494,-0.0014697133959017472,0.03323812614160363
2004-03-01,-0.009497264079633248,-0.03841149013578658,-0.00552019635068633
2004-04-01,-0.005501074096507157,0.025017970673429337,-2.2859049544548117e-05
2004-05-01,0.0032722651222651324,-0.0011951004747961264,-0.001806990563029581
2004-06-01,0.02402698226031491,-0.0010371188515196294,0.014812708117973136
2004-07-01,-0.032149111521223295,-0.06521106130719086,-0.02645754073642693
2004-08-01,0.0010263547327313274,0.005726845032299677,0.01166347563124238
2004-09-01,0.01941223438576864,0.012582529797517483,0.010825245563495331
2004-10-01,0.013347936165412789,-0.0032736444679872397,0.01877019196355797
2004-11-01,0.048852874171139864,0.041547262779703914,0.03907891806203357
2004-12-01,0.033111151510529346,-0.009839317575958335,0.03243170787397468
2005-01-01,-0.021672513985946315,-0.0027812026577288674,-0.001969192416942615
2005-02-01,0.029036823385118555,0.16813340606181756,0.039073826569786134
2005-03-01,-0.018441847216689185,-0.03540593479746647,-0.004930027039576505
2005-04-01,-0.02969200085563239,-0.05609999999999998,-0.003259739320433003
2005-05-01,0.03850171887881287,0.019535973620928845,0.025933780069733032
2005-06-01,0.012305921418737414,0.04893103366319402,0.020646080543296644
2005-07-01,0.04394065802730091,0.05766499027205313,0.038189353614998395
2005-08-01,-0.006317764953785729,0.0581,-0.0002440499317056729
2005-09-01,0.005103647798742138,0.07259999999999998,0.013275453077431441
2005-10-01,-0.03151709112614404,-0.1016,-0.03807816147992577
2005-11-01,0.028696611604377423,0.010100000000000001,0.01278602816093221
2005-12-01,0.0006717638482548141,0.0044,0.007637954722736685
2006-01-01,0.04027674047723725,0.12539999999999993,0.027715183566479243
2006-02-01,-0.00047984975921102865,-0.08140000000000001,0.0021079360586377803
2006-03-01,0.015135975210828007,0.039999999999999994,-0.002555705281229828
2006-04-01,0.010711308471971877,0.0452,0.004408091347890222
2006-05-01,-0.017755527161922843,-0.034600000000000006,-0.0038914013897421045
2006-06-01,0.008065473008052295,0.027299999999999998,0.009881136838462307
2006-07-01,0.004293523116141118,0.05059999999999998,0.029080988845123452
2006-08-01,0.02231257357919468,-0.03239999999999999,0.02078162759142825
2006-09-01,0.01715901162847556,-0.0381,0.0038906130256187053
2006-10-01,0.04044264092330075,0.052000000000000005,0.03619517698964805
2006-11-01,0.022483294379949247,0.0859,0.015400333754366178
2006-12-01,0.008580046648998084,-0.019299999999999897,0.00822556529173898
2007-01-01,0.019605129130439096,-0.013299999999999998,0.019329338274916997
2007-02-01,-0.010150136513415986,-0.021200000000000007,-0.0033948723469782896
2007-03-01,0.016810942307886562,0.059,0.022306242346449002
2007-04-01,0.042157060842372314,0.051300000000000005,0.04389934708843614
2007-05-01,0.03699993705864289,0.0715,0.021159710346997727
2007-06-01,-0.013280284650839885,0.008599999999999991,-0.02707920216035173
2007-07-01,-0.033662387515200634,-0.011000000000000013,-0.040087059641819946
2007-08-01,0.009755750915750917,0.002299999999999998,0.01763625565808589
2007-09-01,0.034153793076130846,0.0784,0.03390876773610246
2007-10-01,0.020803284439330487,0.0279,0.027455016341447105
2007-11-01,-0.03937764125068568,-0.043400000000000015,-0.008054554433751096
2007-12-01,-0.0026194787242901163,0.077,-0.01279381576321654
2008-01-01,-0.06123081963268905,-0.09110000000000008,-0.05173495987743226
2008-02-01,-0.022528940663975535,0.06939999999999998,-0.016262452966450257
2008-03-01,-0.006589327339122963,-0.028900000000000006,0.0017321541716682695
2008-04-01,0.04738779139869359,0.10630000000000003,0.02580185130920726
2008-05-01,0.026629085128929697,0.0428,0.02588306996420877
2008-06-01,-0.07930713014005492,0.028199999999999985,-0.04432589432792567
2008-07-01,-0.013037911770455483,-0.15660000000000002,0.005144199908497442
2008-08-01,0.018306989931322282,-0.00040000000000000067,0.01753715637578738
2008-09-01,-0.0925811764012842,-0.12119999999999992,-0.063352530912169
2008-10-01,-0.17543950808833256,-0.16780000000000012,-0.12939581863660177
2008-11-01,-0.06144924849043333,0.0013999999999999811,-0.05013994940736702
2008-12-01,0.01582779744786008,-0.024300000000000002,0.028718622102993314
2009-01-01,-0.07242682650289357,-0.03530000000000011,-0.0395927309645109
2009-02-01,-0.09908003621938599,-0.12510000000000002,-0.08902560175123565
2009-03-01,0.08273357154746712,0.03959999999999993,0.06757860916418501
2009-04-01,0.11961476452554202,0.04540000000000004,0.03522023473900851
2009-05-01,0.040734966510082696,0.10500000000000001,0.054471609207589214
2009-06-01,0.010521476885247476,-0.047799999999999995,0.017893695089180428
2009-07-01,0.08308652550757904,0.053500000000000034,0.06153160538030688
2009-08-01,0.02373880984472222,0.007800000000000001,0.0164106470904355
2009-09-01,0.039558136109700354,0.05119999999999999,0.02989539528894766
2009-10-01,-0.01876478622202129,0.02479999999999998,-0.016217989608425118
2009-11-01,0.060246910150716884,0.032200000000000034,0.05460321891325702
2009-12-01,0.03412744157534376,-0.0051999999999999815,0.02819352609796532
2010-01-01,-0.03245897409617002,-0.0484999999999999,-0.0192127260695849
2010-02-01,0.03314621801496424,0.025900000000000013,0.01768172301379412
2010-03-01,0.06020618760041034,0.03200000000000005,0.04771083041049474
2010-04-01,0.024111097058351964,0.04080000000000001,-0.0017985242594960654
2010-05-01,-0.07569588250227008,-0.10230000000000007,-0.06563956598923427
2010-06-01,-0.05269522798818678,-0.0616192778987003,-0.02799632594543101
2010-07-01,0.077293539445629,0.07659407755308335,0.055375583980124446
2010-08-01,-0.04079720882099068,-0.034400000000000035,-0.016103848885824418
2010-09-01,0.09219965631547675,0.08395911187238783,0.07477936665906942
2010-10-01,0.04179922459330053,0.04498451975269573,0.030132969733416868
2010-11-01,0.011508226317304913,0.05372980292938239,-0.009306676879127625
2010-12-01,0.06320304728200161,0.09410000000000003,0.04390164216618278
2011-01-01,0.013911129083830198,0.06929999999999999,-0.010892604238691843
2011-02-01,0.03429013806706113,0.07629999999999991,0.03682161011789818
2011-03-01,0.01218883604021653,0.021099999999999904,0.022649844807884883
2011-04-01,0.03402643774449757,0.015800000000000015,0.05042890835071694
2011-05-01,-0.007715488937026149,-0.04510000000000001,0.01820533534251795
2011-06-01,-0.014219135981619195,-0.023100000000000002,-0.012092791195970985
2011-07-01,-0.0275815045289028,0.004899999999999984,-0.015410081768794397
2011-08-01,-0.05486694740089465,-0.09909999999999997,-0.014136899947236103
2011-09-01,-0.0731977845248926,-0.1223,-0.0389542278071881
2011-10-01,0.11454526845528983,0.1625,0.06342901877397213
2011-11-01,-0.004242823503027577,0.02149999999999999,0.012520446651189168
2011-12-01,0.01004468296601236,-0.0034999999999998977,0.025112929827703606
2012-01-01,0.04461298249782213,0.010100000000000034,0.009727265443283473
2012-02-01,0.04168517301783304,0.06519999999999998,0.024123833302371424
2012-03-01,0.02459858925383448,-0.0327,0.03427895830896237
2012-04-01,-0.00774500619711712,-0.0157,0.009412570701265876
2012-05-01,-0.052406639290572855,-0.10570000000000004,-0.024712220946639062
2012-06-01,0.03209575852863279,0.057800000000000025,0.044597515731875384
2012-07-01,0.01384322709394919,0.028099999999999983,0.020394521104729578
2012-08-01,0.019085796283877077,0.023600000000000006,-0.006328313091825199
2012-09-01,0.028371102389245912,0.038100000000000016,0.024891199896712884
2012-10-01,-0.007591742799914443,-0.01860000000000001,-0.00717294325768227
2012-11-01,0.007261764990377542,-0.014899999999999998,0.0012220497346295191
2012-12-01,0.013005145378560014,0.01329999999999999,-0.008613655252077062
2013-01-01,0.05456006810846024,0.07470000000000007,0.059277051110145314
2013-02-01,0.013077799859670405,0.006799999999999983,0.02038314047883739
2013-03-01,0.04361229543794539,0.020700000000000038,0.05518219982476685
2013-04-01,0.022933563455181338,-0.01380699855092507,0.038299912350169406
2013-05-01,0.019615483044800028,0.030282039932419857,-0.024956095051810324
2013-06-01,-0.007661226831421026,-0.02390000000000003,0.00019122463376773028
2013-07-01,0.05655818702078569,0.05180000000000002,0.04907621912205585
2013-08-01,-0.02825227404364861,-0.01900000000000003,-0.0418792308290742
2013-09-01,0.03716490497113632,0.019700000000000016,0.023252533145916618
2013-10-01,0.04036071710228202,0.04790000000000004,0.04138237566131468
2013-11-01,0.021692230829857165,0.008699999999999998,0.008782151855405484
2013-12-01,0.023496025603382455,0.0302999999999999,0.016501771647108424
2014-01-01,-0.032304338693604794,-0.06890000000000002,-0.019403174039156437
2014-02-01,0.04838026608111599,0.05690000000000004,0.03974771043415074
2014-03-01,0.005994726421302621,0.024300000000000002,0.017553836450446985
2014-04-01,0.008360720434168937,0.05669999999999999,0.01834811698519356
2014-05-01,0.01828464043473086,0.008800000000000011,0.015137578197951439
2014-06-01,0.027526954446812045,0.04120000000000001,0.030505421841901605
2014-07-01,-0.026877805718289568,-0.038021472932214674,-0.04296674310169694
2014-08-01,0.04221991574015084,0.02583133585505775,0.05349391147327746
2014-09-01,-0.028726949881034594,-0.06641197177251483,-0.013819663085369343
2014-10-01,0.025906571299146523,0.003976884910718132,0.04501166109806979
2014-11-01,0.021369242419812258,0.030862172589878792,0.033632585331594675
2014-12-01,-0.00123316233626378,-0.02167013334331797,-0.00312371550890855
2015-01-01,-0.024871167284012417,0.001904880594245835,0.0032039476987994774
2015-02-01,0.05358916200945458,0.034030651958950144,0.019504355262961882
2015-03-01,-0.011683826384868671,0.0052059339508503015,-0.008987820315555079
2015-04-01,0.008261270499681322,-0.016269200948595564,-0.0008917152535638619
2015-05-01,0.007778521104411279,0.010973285474596405,0.013017551879662212
2015-06-01,-0.018815118814926517,-0.005253283410725464,-0.024147791253285658
2015-07-01,0.008467603285571593,0.03411597442432203,0.04010125740270045
2015-08-01,-0.0576368802427271,-0.07367977715460146,-0.04948651771305694
2015-09-01,-0.030423659126596784,-0.01919451745934429,-0.01548699675770857
2015-10-01,0.07543502000742544,0.06680663957222804,0.048807236656255984
2015-11-01,0.0012817963403748784,-0.009200000000000009,-0.014473731945434077
2015-12-01,-0.02568664802572449,0.007421253241588996,-0.0058340628470128966
2016-01-01,-0.046613002729941094,0.001441737907767417,0.0006850695345594575
2016-02-01,0.0052945420984184255,0.005899999999999976,0.007881446584201387
2016-03-01,0.07248182993535553,0.04960000000000003,0.06061183037683232
2016-04-01,0.015697524427537853,0.002700000000000033,0.0018507280861724345
2016-05-01,0.0105367646537636,0.0074000000000000316,0.014962862041774945
2016-06-01,0.009383350483842241,0.047399999999999984,0.045743845581405276
2016-07-01,0.032976456486205355,-0.0006000000000000053,0.012447664158772015
2016-08-01,-0.0038658796654793253,-0.006099999999999933,-0.021865273353690012
2016-09-01,0.002147567928372821,-0.024800000000000006,-0.003742955952134185
2016-10-01,-0.02523789723122974,-0.001800000000000045,-0.01776089020604929
2016-11-01,0.0422689277104726,-0.03869999999999998,-0.01695039598114832
2016-12-01,0.02247492344295637,0.0346,0.02619492180979276
2017-01-01,0.016686026968621353,0.01689999999999999,0.014014337411058203
2017-02-01,0.028242656280734885,0.03749999999999999,0.039998607949521314
2017-03-01,0.002529292049167565,0.006868369609959755,0.005853531267240008
2017-04-01,0.00825284771052133,0.007247905834476867,0.008358881790764347
2017-05-01,0.00693500590108004,0.0325757218639954,0.02304067292350194
2017-06-01,0.0048584896572954955,-0.014092542372425668,-0.008039530550502372
2017-07-01,0.017275516194835562,-0.0024658835249565273,0.011836484908158409
2017-08-01,-0.0034731275801061436,0.0168057107123566,0.0025428542879224326
2017-09-01,0.026081364639775225,0.018265422934639078,-0.0019682746457442193
2017-10-01,0.011469985577578974,-0.022922663032474234,0.01213203449085916
2017-11-01,0.031582128488251385,0.03403174345713916,0.03757018974169718
2017-12-01,0.011568370650382843,0.017313379132412845,-0.00893219755629144
2018-01-01,0.041194270689177956,0.09354822548132313,0.0184860974799492
2018-02-01,-0.050083883607029665,-0.033654158379387226,-0.050828873100603064
2018-03-01,-0.016036374468443446,-0.03304434698451876,0.001572025109598203
2018-04-01,0.006789001087321025,0.007897034792011811,0.0017912959861424306
2018-05-01,0.018716756944651334,0.015769851198518273,0.0039025687997565387
2018-06-01,0.01650411970241249,0.011961397929810918,0.029845758800972223
2018-07-01,0.027624543621322255,0.02571237664307744,0.02817434649399955
2018-08-01,0.020882374576732973,0.07682861856138451,0.017538349344181435
2018-09-01,0.003798416181007885,0.0008031546103536382,0.003074942199936285
2018-10-01,-0.0584435701336733,-0.09387921705902845,-0.026834677754053207
2018-11-01,0.02409112815012264,-0.015799999999999963,0.024123100405626794
2018-12-01,-0.09451329005174265,-0.08220000000000025,-0.0792229995216335
2019-01-01,0.08172055102198564,0.09300000000000001,0.06459502929320372
2019-02-01,0.03209405224529034,0.05660000000000001,0.023291013624542604
2019-03-01,0.009988071072874867,0.02695355672194297,0.030204345112380217
2019-04-01,0.031609608332343275,0.05709198622125106,0.0161079777053906
2019-05-01,-0.06768144496568836,-0.08539999999999993,-0.035388757708179244
2019-06-01,0.07328125349892216,0.08010000000000007,0.04753574819331327
2019-07-01,0.005968853778506475,0.02923072981918431,-0.003255545546526419
2019-08-01,-0.020365820527602704,-0.025870047701210597,0.012253117452189077
2019-09-01,0.0213145138867624,0.010477067587988524,0.023672705103713075
2019-10-01,0.0175146608709273,0.017590159420298727,0.000608535903022342
2019-11-01,0.027687478134397276,0.047990632476837415,0.005742589089402832
2019-12-01,0.03254148277875073,0.038400000000000004,0.03554790165076916
2020-01-01,-0.005237381999186525,0.03369999999999995,0.02051926289425227
2020-02-01,-0.08528565815264919,-0.06990000000000016,-0.08566264194073063
2020-03-01,-0.15328935740908742,-0.09770000000000015,-0.1078844228761725
2020-04-01,0.14848213929760745,0.14920000000000005,0.09063810913436388
2020-05-01,0.04664654631547794,0.07629999999999988,0.040558895119984166
2020-06-01,0.017706747793527683,0.05729999999999997,-0.027352342924386347
2020-07-01,0.060025732139874416,0.06870000000000008,0.059530153675586686
2020-08-01,0.08148746769538398,0.10619999999999989,0.011340887893964112
2020-09-01,-0.04234616835390375,-0.052400000000000016,-0.012818376561541089
2020-10-01,-0.021303949351761,-0.017800000000000052,0.00020446431565960242
2020-11-01,0.14818130589353032,0.10720000000000013,0.06729846916255612
2020-12-01,0.05079539158908619,0.050800000000000005,0.02589885381105626
2021-01-01,0.007161217688304514,0.005599999999999977,-0.0033027423888011874
2021-02-01,0.030133592482651128,-0.015197133066558711,-0.02263225647381229
2021-03-01,0.04162838204035678,0.007648587615249557,0.06556809436194573
2021-04-01,0.039932149376637575,0.061974386792233556,0.03591919483567642
2021-05-01,0.003477717098684717,-0.01065404585847287,-0.002296195717628372
2021-06-01,0.019807534751631717,0.06740229392748719,0.006238504041705635
2021-07-01,0.0012406270038139878,0.035999999999999956,0.022537179228324534
2021-08-01,0.01797407723264661,0.0461474201202245,0.023319609270919545
2021-09-01,-0.025996595945308818,-0.05464039882798411,-0.05248205181754599
2021-10-01,0.07265279651359759,0.20461045388986362,0.03380522446024046
2021-11-01,-0.02414478864706159,0.01756716227213163,-0.03352717995344166
2021-12-01,0.039343961131429864,-0.04474049796996374,0.07094209264911853
2022-01-01,-0.032836759372384526,-0.10055516477585373,-0.042059321641276105
2022-02-01,-0.010377031944588019,-0.06267758293515902,-0.010573445056431258
2022-03-01,0.04584772489872611,0.1009495225277652,0.05107383646188179
2022-04-01,-0.07410341122031434,-0.16690779810814504,-0.048300512747683974
2022-05-01,0.013142228701004224,-0.0834893419739757,0.019625100116197346
2022-06-01,-0.08298685705263571,-0.11003752018559763,-0.048431300210398306
2022-07-01,0.09465969648736451,0.24863058993303225,0.042726027819637045
2022-08-01,-0.02678261522442044,-0.05939741050701688,-0.02107244123551411
2022-09-01,-0.09041011710804757,-0.06550000000000003,-0.0839075179069268
2022-10-01,0.08260154624102714,-0.06619999999999997,0.0752239367518113
2022-11-01,0.03648196261336977,-0.03657182317660306,0.05794638724900687
2022-12-01,-0.06835316427613747,-0.15043564820925004,-0.01946095607064376
2023-01-01,0.07521790727623955,0.09293946257227463,-0.008633057262411066
2023-02-01,-0.02365514537829971,0.005880996944337321,-0.03989666586119971
2023-03-01,0.017505108125819135,0.06982102502581208,0.03178951363016313
2023-04-01,0.0008661911032063435,-0.013482074423732756,0.029464556474886324
2023-05-01,-0.019750358038381224,0.08472261159367311,-0.05126732017178639
2023-06-01,0.07740933589008679,0.059100000000000215,0.03252193824843395
2023-07-01,0.030985718660109483,0.041902145696548126,0.017348689014336647
2023-08-01,-0.019455467672643677,-0.016519403063373066,-0.032369976731273876
2023-09-01,-0.03924748934347656,-0.06020000000000002,-0.04789385275965376
2023-10-01,-0.038260015611177596,-0.01770000000000007,-0.02321279385023975
2023-11-01,0.0754716751226815,0.1206,0.053413419612083485
2023-12-01,0.04453465207084088,0.0462,0.0394624557327055
2024-01-01,-0.010817215441901435,0.031099999999999996,-0.004441169195485298
2024-02-01,0.04177033964095099,0.0622,0.026662933125175054
2024-03-01,0.033871589681084856,0.02360000000000001,0.04119388620767105
2024-04-01,-0.0315228638574841,-0.044100000000000014,-0.020100008746229518
2024-05-01,0.03153447243444146,0.081,0.041457214929533484
2024-06-01,0.009018172829932633,0.07569999999999999,-0.013158133369682383
2024-07-01,0.03766637228476295,-0.017499999999999988,0.040210985704579094
2024-08-01,0.015546307584093727,0.013499999999999962,0.049161318099845766
2024-09-01,0.030852443289224932,0.029700000000000018,0.015402111436343706
2024-10-01,-0.010799577873264965,-0.002200000000000037,-0.01699226485608204
2024-11-01,0.08401186221395648,0.049500000000000155,0.02498253628571724
2024-12-01,-0.03969420348676322,0.021565621881828558,-0.060767872640900014
2025-01-01,0.03005671455639535,0.0021151326497685064,0.030761122462974973
2025-02-01,-0.009577678420638848,-0.0757199025840773,0.038221723953201614
2025-03-01,-0.036158148768840936,-0.09309929677790098,-0.009250425354193537
2025-04-01,-0.017436987232012282,0.011200000000000024,-0.00852141453998048
2025-05-01,0.052417954718901004,0.10698516741711674,0.0036601876469491207
2025-06-01,0.024351459271504297,0.0752335825664909,0.005878454963537218
2025-07-01,0.00786896686350107,0.05564296845912403,-0.00020395240595235162
2025-08-01,0.029672420634920607,0.009600000000000011,0.020582630276485988
2025-09-01,0.03500930083511362,0.07079999999999997,0.00806841145351529
2025-10-01,0.004332325839765832,0.04837763585381093,0.0035813247685919504
2025-11-01,0.015294267455055835,-0.027458041651196016,0.06316581376648785
2025-12-01,0.0019782431261325148,0.0017470274996782068,-0.02171065636545816
